Date,Area Name,Road/Intersection Name,Traffic Volume,Average Speed,Travel Time Index,Congestion Level,Road Capacity Utilization,Incident Reports,Environmental Impact,Public Transport Usage,Traffic Signal Compliance,Parking Usage,Pedestrian and Cyclist Count,Weather Conditions,Roadwork and Construction Activity
01-01-2022,Koramangala,Sony World Junction,60874,43.81761039,1.5,100.0,100.0,1,171.748,32.77312315,75.54709159,63.56745159,111,Clear,No
03-01-2022,Koramangala,Sony World Junction,51459,27.32652437,1.5,100.0,100.0,0,152.918,29.66742327,98.01645936,94.51318919,99,Clear,No
04-01-2022,Koramangala,Sony World Junction,28369,29.40974507,1.5,86.33738401,100.0,1,106.738,35.49889027,80.13669083,84.51974143,104,Overcast,No
05-01-2022,Koramangala,Sony World Junction,58920,25.21236284,1.5,100.0,100.0,2,167.84,54.8803343,87.75793778,77.13622217,92,Clear,No
06-01-2022,Koramangala,Sony World Junction,61024,44.82690984,1.5,100.0,100.0,2,172.048,36.81969698,80.75670821,52.34829834,89,Clear,No
09-01-2022,Koramangala,Sony World Junction,32010,32.47619957,1.5,100.0,100.0,3,114.02,56.73153699,92.31383768,88.11425674,109,Overcast,No
10-01-2022,Koramangala,Sony World Junction,31137,51.28396623,1.5,99.27321333,100.0,0,112.274,72.59336123,67.67469299,66.16857811,91,Clear,No
11-01-2022,Koramangala,Sony World Junction,14197,57.98811325,1.118614233,44.31739793,73.73153531,1,78.394,22.18765347,63.93582599,83.01513599,212,Clear,Yes
12-01-2022,Koramangala,Sony World Junction,43533,23.80382567,1.5,100.0,100.0,0,137.066,68.21879306,70.9228324,75.90393831,94,Clear,No
14-01-2022,Koramangala,Sony World Junction,56258,45.85982116,1.5,100.0,100.0,1,162.516,59.25801842,81.62793907,54.82672351,92,Clear,No
15-01-2022,Koramangala,Sony World Junction,13316,36.94129934,1.270848256,46.50225166,65.22593728,0,76.632,79.16251763,78.16006485,84.41371179,182,Clear,No
17-01-2022,Koramangala,Sony World Junction,14771,35.05650625,1.197145834,47.32246161,74.16437678,0,79.542,10.69466748,78.56380638,98.17496204,201,Clear,No
18-01-2022,Koramangala,Sony World Junction,43308,34.16966397,1.5,100.0,100.0,1,136.616,69.05547648,99.24770117,89.6571437,112,Windy,No
20-01-2022,Koramangala,Sony World Junction,29570,37.76793449,1.5,100.0,100.0,2,109.14,50.80482398,70.12406157,72.51271231,125,Overcast,No
21-01-2022,Koramangala,Sony World Junction,63687,39.82687887,1.5,100.0,100.0,2,177.374,57.15517922,67.17013023,84.69747953,91,Clear,Yes
22-01-2022,Koramangala,Sony World Junction,14092,60.19283924,1.328732379,50.16354871,73.42241451,0,78.184,58.46512457,70.56247939,96.95342397,206,Clear,No
24-01-2022,Koramangala,Sony World Junction,62021,36.95845247,1.5,100.0,100.0,5,174.042,29.42252758,71.26464168,98.16801602,106,Windy,No
25-01-2022,Koramangala,Sony World Junction,29069,32.11204697,1.5,93.99462034,100.0,2,108.138,37.66815208,67.27115469,57.84063527,111,Clear,No
26-01-2022,Koramangala,Sony World Junction,47525,31.307928,1.5,100.0,100.0,1,145.05,44.47747665,77.68428139,66.72005895,97,Clear,No
27-01-2022,Koramangala,Sony World Junction,45333,36.52434767,1.5,100.0,100.0,2,140.666,29.03681916,68.71565519,83.09172926,104,Clear,No
29-01-2022,Koramangala,Sony World Junction,41459,37.63546741,1.5,100.0,100.0,1,132.918,61.95899746,61.00796379,67.74159278,109,Clear,No
30-01-2022,Koramangala,Sony World Junction,64872,45.57368305,1.5,100.0,100.0,1,179.744,38.54446241,95.45521448,52.35983508,104,Clear,No
31-01-2022,Koramangala,Sony World Junction,62650,26.92860017,1.5,100.0,100.0,2,175.3,21.63605534,96.65956604,66.39190994,96,Clear,No
01-02-2022,Koramangala,Sony World Junction,67693,27.2538503,1.5,100.0,100.0,4,185.386,32.95187958,89.48529656,51.83564717,99,Overcast,Yes
04-02-2022,Koramangala,Sony World Junction,32160,44.42788514,1.5,100.0,100.0,1,114.32,67.52875259,85.85239735,82.36710672,87,Windy,No
05-02-2022,Koramangala,Sony World Junction,27712,40.41645688,1.5,84.3255341,100.0,4,105.424,57.39869844,87.3068461,81.43670075,93,Clear,No
06-02-2022,Koramangala,Sony World Junction,32192,39.25321308,1.5,100.0,100.0,3,114.384,24.29795276,85.0721052,67.93712553,100,Overcast,No
07-02-2022,Koramangala,Sony World Junction,27633,32.47236745,1.5,96.11695778,100.0,0,105.266,45.42978969,92.58500224,96.80815208,100,Clear,No
08-02-2022,Koramangala,Sony World Junction,29150,39.99966692,1.5,88.61711301,100.0,3,108.3,76.34995971,70.34229055,66.86062452,97,Clear,No
09-02-2022,Koramangala,Sony World Junction,15731,50.38434957,1.387145826,60.23339455,79.66034768,0,81.462,11.94887359,69.86625787,72.98073759,104,Fog,No
10-02-2022,Koramangala,Sony World Junction,15794,54.73622249,1.146514554,43.70538538,81.5193254,1,81.588,32.64672296,67.35251558,78.84680617,88,Rain,No
14-02-2022,Koramangala,Sony World Junction,42146,31.5817818,1.5,100.0,100.0,2,134.292,38.46455688,75.32657874,89.73314462,99,Clear,No
15-02-2022,Koramangala,Sony World Junction,64412,49.41942402,1.5,100.0,100.0,0,178.824,15.50883726,81.09243583,70.1392767,103,Clear,No
16-02-2022,Koramangala,Sony World Junction,31288,35.81988814,1.5,100.0,100.0,4,112.576,17.90007013,84.37871053,91.02882197,93,Fog,Yes
17-02-2022,Koramangala,Sony World Junction,48663,36.33958381,1.5,100.0,100.0,1,147.326,15.06634752,98.16526566,61.16277005,117,Windy,No
18-02-2022,Koramangala,Sony World Junction,27828,31.89778993,1.5,92.83140149,100.0,3,105.656,44.3318086,70.30782593,94.24633734,102,Clear,No
19-02-2022,Koramangala,Sony World Junction,14634,50.04270748,1.311348762,50.95143186,77.87904711,0,79.268,57.70224288,62.5414289,69.81236734,191,Fog,No
20-02-2022,Koramangala,Sony World Junction,30290,27.96289601,1.5,100.0,100.0,2,110.58,11.85128318,73.42228807,98.80100788,113,Clear,No
21-02-2022,Koramangala,Sony World Junction,46399,33.79491803,1.5,100.0,100.0,4,142.798,40.57440185,80.80722946,64.74655679,93,Clear,No
23-02-2022,Koramangala,Sony World Junction,43085,32.58048475,1.5,100.0,100.0,0,136.17,71.49715244,72.07338644,82.5148487,95,Clear,No
25-02-2022,Koramangala,Sony World Junction,27430,34.84761953,1.5,83.95604906,100.0,4,104.86,63.84189087,74.74249876,98.00059404,110,Clear,No
26-02-2022,Koramangala,Sony World Junction,32421,34.82726762,1.5,100.0,100.0,1,114.842,61.22432665,66.58936036,67.56779673,93,Fog,No
27-02-2022,Koramangala,Sony World Junction,28766,21.52004216,1.5,95.40479322,100.0,3,107.532,41.39797846,85.04979291,57.31865333,90,Clear,No
28-02-2022,Koramangala,Sony World Junction,60047,25.19211992,1.5,100.0,100.0,1,170.094,58.34907276,81.36110922,68.9580432,95,Overcast,No
01-03-2022,Koramangala,Sony World Junction,43076,39.18188964,1.5,100.0,100.0,1,136.152,18.79628019,65.5351425,87.40808995,99,Fog,No
03-03-2022,Koramangala,Sony World Junction,32629,46.16134289,1.5,100.0,100.0,4,115.258,78.80614451,70.96544669,60.1328461,98,Windy,No
04-03-2022,Koramangala,Sony World Junction,48448,47.24389287,1.5,100.0,100.0,0,146.896,42.97579955,75.91812225,65.50736105,99,Clear,No
06-03-2022,Koramangala,Sony World Junction,13610,43.81658376,1.083353472,48.59274591,72.16256152,0,77.22,24.54244911,85.94987749,93.55935232,211,Clear,No
07-03-2022,Koramangala,Sony World Junction,28003,20.0,1.5,90.31738955,100.0,0,106.006,34.58519137,93.48959998,53.33985386,84,Clear,No
08-03-2022,Koramangala,Sony World Junction,58801,51.85223511,1.5,100.0,100.0,3,167.602,24.96872226,61.51131872,52.15069822,113,Rain,No
09-03-2022,Koramangala,Sony World Junction,45116,36.30239084,1.5,100.0,100.0,5,140.232,56.707138,71.33590778,82.00451983,103,Clear,No
10-03-2022,Koramangala,Sony World Junction,46429,33.46739447,1.5,100.0,100.0,1,142.858,76.16320058,72.54941035,72.12945117,86,Clear,No
11-03-2022,Koramangala,Sony World Junction,46711,44.94414528,1.5,100.0,100.0,2,143.422,69.40113599,76.56274478,62.6848415,113,Overcast,No
12-03-2022,Koramangala,Sony World Junction,42580,51.7720051,1.5,100.0,100.0,0,135.16,58.6785004,70.10970675,65.57028225,86,Clear,No
13-03-2022,Koramangala,Sony World Junction,31063,20.0,1.5,100.0,100.0,0,112.126,18.6757436,79.96846014,66.84823939,94,Overcast,No
14-03-2022,Koramangala,Sony World Junction,53718,37.61261709,1.5,100.0,100.0,1,157.436,35.04017355,93.77622449,72.66498693,107,Clear,No
15-03-2022,Koramangala,Sony World Junction,39924,42.95714448,1.5,100.0,100.0,1,129.848,57.56556159,72.61956826,89.62508409,87,Clear,Yes
16-03-2022,Koramangala,Sony World Junction,27079,36.87941776,1.5,96.48645857,100.0,1,104.158,64.23794367,73.49318124,81.65534114,78,Clear,No
18-03-2022,Koramangala,Sony World Junction,32190,20.26980169,1.5,100.0,100.0,1,114.38,51.20505688,96.92704114,87.40446829,105,Clear,No
19-03-2022,Koramangala,Sony World Junction,59997,46.96627121,1.5,100.0,100.0,0,169.994,45.45227831,94.8356228,60.67307581,98,Clear,No
24-03-2022,Koramangala,Sony World Junction,63722,28.39158803,1.5,100.0,100.0,1,177.444,54.2031497,63.42656776,97.34336987,94,Clear,No
25-03-2022,Koramangala,Sony World Junction,41649,24.52225054,1.5,100.0,100.0,3,133.298,53.26299685,78.40264956,89.12208176,94,Overcast,No
26-03-2022,Koramangala,Sony World Junction,61234,31.61031949,1.5,100.0,100.0,1,172.468,34.36668833,86.29572158,50.7823659,80,Clear,No
30-03-2022,Koramangala,Sony World Junction,15569,38.23945633,1.162050429,59.347077,78.09207541,0,81.138,60.16995267,64.40931635,89.46898167,89,Fog,No
31-03-2022,Koramangala,Sony World Junction,15198,49.6032839,1.01367818,57.03665798,72.99266155,0,80.396,42.6644059,76.79355129,94.48568601,98,Overcast,No
01-04-2022,Koramangala,Sony World Junction,44415,31.94690846,1.5,100.0,100.0,0,138.83,53.24183504,65.62831323,97.25807286,119,Rain,Yes
03-04-2022,Koramangala,Sony World Junction,47597,45.68687354,1.5,100.0,100.0,5,145.194,64.99212547,96.01504089,60.92742308,104,Windy,No
04-04-2022,Koramangala,Sony World Junction,29064,46.32702173,1.5,92.75604058,100.0,5,108.128,64.32342712,84.54825927,53.47538983,100,Fog,No
05-04-2022,Koramangala,Sony World Junction,43164,20.50476479,1.5,100.0,100.0,1,136.328,17.67374904,79.59576569,68.93453317,106,Clear,Yes
06-04-2022,Koramangala,Sony World Junction,44289,33.65802311,1.5,100.0,100.0,1,138.578,66.17838124,82.62127508,95.07928131,100,Overcast,No
07-04-2022,Koramangala,Sony World Junction,54199,32.98961228,1.5,100.0,100.0,3,158.398,50.91289522,75.6224841,55.47989352,115,Overcast,No
09-04-2022,Koramangala,Sony World Junction,28960,20.0,1.5,95.71808116,100.0,0,107.92,76.56777305,83.27748856,89.78638575,98,Overcast,No
10-04-2022,Koramangala,Sony World Junction,29070,37.88090522,1.5,100.0,100.0,1,108.14,45.34726433,87.94393147,77.14732923,105,Clear,No
11-04-2022,Koramangala,Sony World Junction,44756,20.0,1.5,100.0,100.0,2,139.512,30.83651542,77.6524445,65.70837064,96,Fog,No
12-04-2022,Koramangala,Sony World Junction,32282,39.85918339,1.5,100.0,100.0,3,114.564,69.71284635,80.84008692,81.06510446,84,Clear,No
13-04-2022,Koramangala,Sony World Junction,59274,45.77737418,1.5,100.0,100.0,4,168.548,30.40364708,98.75369628,65.97110494,84,Fog,No
14-04-2022,Koramangala,Sony World Junction,63860,45.67379842,1.5,100.0,100.0,4,177.72,35.98868469,65.89205383,75.28827212,103,Clear,No
15-04-2022,Koramangala,Sony World Junction,32569,30.2611713,1.5,100.0,100.0,2,115.138,48.29779238,77.87124652,90.48920134,92,Clear,No
16-04-2022,Koramangala,Sony World Junction,12475,40.04696757,1.242470922,40.36028953,66.71576849,0,74.95,58.5608243,95.85941091,57.34359379,188,Clear,No
17-04-2022,Koramangala,Sony World Junction,41675,20.0,1.5,100.0,100.0,0,133.35,12.30396381,84.31828735,97.45485445,99,Clear,No
18-04-2022,Koramangala,Sony World Junction,28792,31.6514927,1.5,98.60407153,100.0,2,107.584,37.44897029,88.95484153,95.48068984,103,Fog,No
19-04-2022,Koramangala,Sony World Junction,41115,49.58885389,1.5,100.0,100.0,1,132.23,38.49075546,82.95645624,71.40674224,93,Clear,Yes
20-04-2022,Koramangala,Sony World Junction,60573,27.43219633,1.5,100.0,100.0,2,171.146,31.93294825,76.71042686,57.97300489,100,Clear,No
21-04-2022,Koramangala,Sony World Junction,48373,47.12983929,1.5,100.0,100.0,0,146.746,60.36338252,98.10343925,63.20551951,84,Overcast,No
24-04-2022,Koramangala,Sony World Junction,64007,35.00160507,1.5,100.0,100.0,3,178.014,56.39863202,99.801249,51.27567744,115,Clear,No
25-04-2022,Koramangala,Sony World Junction,25613,31.48610532,1.5,85.19743606,100.0,1,101.226,40.71857167,92.8259272,89.00304616,100,Clear,No
26-04-2022,Koramangala,Sony World Junction,62658,42.7477339,1.5,100.0,100.0,1,175.316,50.39943844,70.59923092,83.06741032,103,Rain,No
27-04-2022,Koramangala,Sony World Junction,45623,39.8561258,1.5,100.0,100.0,4,141.246,76.72934735,84.50644989,90.04433852,97,Clear,No
29-04-2022,Koramangala,Sony World Junction,27328,53.47660003,1.5,98.80531523,100.0,1,104.656,71.58566452,77.78669883,96.57888265,100,Clear,No
02-05-2022,Koramangala,Sony World Junction,28866,55.72598541,1.5,100.0,100.0,3,107.732,33.16832486,78.48338418,53.90607154,96,Windy,No
03-05-2022,Koramangala,Sony World Junction,63898,21.99066569,1.5,100.0,100.0,2,177.796,47.63414736,93.32763218,66.17736791,92,Overcast,No
05-05-2022,Koramangala,Sony World Junction,45636,38.35696582,1.5,100.0,100.0,3,141.272,27.87781619,77.42479251,75.81579944,84,Clear,No
06-05-2022,Koramangala,Sony World Junction,57740,41.29135298,1.5,100.0,100.0,2,165.48,77.86209968,96.7469269,69.03837861,100,Overcast,No
09-05-2022,Koramangala,Sony World Junction,17034,53.21564125,1.084565206,61.68440253,86.63263377,1,84.068,62.59619858,63.34572362,78.26462048,101,Overcast,Yes
12-05-2022,Koramangala,Sony World Junction,52602,31.83316512,1.5,100.0,100.0,2,155.204,47.06253964,61.79924551,51.45954202,103,Fog,No
13-05-2022,Koramangala,Sony World Junction,57299,46.97494517,1.5,100.0,100.0,4,164.598,69.97347213,84.38807329,95.38799956,102,Overcast,No
14-05-2022,Koramangala,Sony World Junction,30001,40.60270477,1.5,97.9604937,100.0,0,110.002,39.18594114,75.02803098,67.49256935,94,Clear,No
17-05-2022,Koramangala,Sony World Junction,14877,36.81475194,1.094180058,59.27522589,74.80790139,1,79.754,32.5257836,73.41847657,84.93678526,199,Clear,No
18-05-2022,Koramangala,Sony World Junction,43310,58.59900213,1.5,100.0,100.0,1,136.62,33.0380789,90.84804116,95.82326531,112,Windy,No
19-05-2022,Koramangala,Sony World Junction,16086,54.44336855,1.397391974,57.48724873,82.29830396,0,82.172,70.7546036,99.87339048,88.95224351,103,Fog,No
20-05-2022,Koramangala,Sony World Junction,47068,33.40641425,1.5,100.0,100.0,2,144.136,35.08980197,96.22193126,78.35865501,91,Clear,No
21-05-2022,Koramangala,Sony World Junction,48220,26.20836055,1.5,100.0,100.0,1,146.44,22.46206707,63.10275629,80.90363399,112,Clear,No
22-05-2022,Koramangala,Sony World Junction,39668,39.760108,1.5,100.0,100.0,1,129.336,19.07075176,67.62674324,90.88496559,105,Clear,No
23-05-2022,Koramangala,Sony World Junction,45206,45.54183165,1.5,100.0,100.0,1,140.412,41.15294753,91.40373226,51.53904159,102,Overcast,No
24-05-2022,Koramangala,Sony World Junction,49536,34.63058814,1.5,100.0,100.0,2,149.072,43.38029043,94.91485912,52.12198629,103,Clear,No
25-05-2022,Koramangala,Sony World Junction,49598,44.88095984,1.5,100.0,100.0,2,149.196,18.75221309,84.00109611,68.79933345,110,Rain,No
27-05-2022,Koramangala,Sony World Junction,53977,32.3783608,1.5,100.0,100.0,1,157.954,19.03373706,64.2445384,79.26250765,92,Clear,No
28-05-2022,Koramangala,Sony World Junction,31193,28.42114149,1.5,100.0,100.0,2,112.386,54.32776051,85.4637611,89.59259314,93,Clear,No
29-05-2022,Koramangala,Sony World Junction,16198,54.81147826,1.251535915,50.83193769,81.28604854,0,82.396,59.04352111,83.34320745,54.08995569,104,Clear,No
31-05-2022,Koramangala,Sony World Junction,30724,29.75107434,1.5,100.0,100.0,0,111.448,63.39802065,85.67550309,98.19444341,102,Clear,No
01-06-2022,Koramangala,Sony World Junction,31569,29.32804849,1.5,100.0,100.0,1,113.138,18.35684527,66.44073331,76.65413303,125,Overcast,No
02-06-2022,Koramangala,Sony World Junction,52151,49.2388369,1.5,100.0,100.0,1,154.302,24.56596333,79.93601703,95.17540527,103,Clear,No
03-06-2022,Koramangala,Sony World Junction,42799,27.74481696,1.5,100.0,100.0,2,135.598,74.95665785,86.91609441,90.13384273,101,Clear,No
04-06-2022,Koramangala,Sony World Junction,45446,31.63679628,1.5,100.0,100.0,2,140.892,55.75942734,61.3331518,70.70335833,110,Rain,No
05-06-2022,Koramangala,Sony World Junction,29380,29.83793869,1.5,89.24260776,100.0,1,108.76,67.48611489,64.75264989,83.49570094,104,Clear,No
06-06-2022,Koramangala,Sony World Junction,42418,24.13086305,1.5,100.0,100.0,2,134.836,72.82228964,63.17782721,67.44546135,103,Clear,No
07-06-2022,Koramangala,Sony World Junction,47296,33.04995235,1.5,100.0,100.0,0,144.592,73.06541469,64.97346294,62.22562076,88,Overcast,No
08-06-2022,Koramangala,Sony World Junction,29130,35.19653002,1.5,95.73487485,100.0,1,108.26,25.36717139,62.82231821,67.39286606,99,Rain,No
10-06-2022,Koramangala,Sony World Junction,42613,36.41638128,1.5,100.0,100.0,2,135.226,27.59204426,64.85613999,51.76705223,93,Clear,No
11-06-2022,Koramangala,Sony World Junction,45680,53.84969712,1.5,100.0,100.0,4,141.36,67.14367308,97.66993449,69.41364954,107,Clear,No
12-06-2022,Koramangala,Sony World Junction,42892,20.0,1.5,100.0,100.0,0,135.784,69.01549642,62.05994728,58.54100682,85,Clear,Yes
13-06-2022,Koramangala,Sony World Junction,32418,38.2474332,1.5,99.03739917,100.0,4,114.836,26.44557439,84.75976021,50.88465806,104,Clear,No
15-06-2022,Koramangala,Sony World Junction,45897,31.98486355,1.5,100.0,100.0,2,141.794,44.96747784,84.97946224,56.90073027,76,Clear,Yes
16-06-2022,Koramangala,Sony World Junction,15821,26.47339676,1.017045315,54.93251821,79.33913827,1,81.642,64.65931414,80.83508183,68.52646664,128,Clear,No
17-06-2022,Koramangala,Sony World Junction,47252,20.0,1.5,100.0,100.0,2,144.504,11.37224976,88.64647538,55.10305518,107,Clear,No
18-06-2022,Koramangala,Sony World Junction,30294,43.6141836,1.5,100.0,100.0,0,110.588,24.50894662,65.81044457,91.53897664,113,Clear,No
19-06-2022,Koramangala,Sony World Junction,42820,29.52458604,1.5,100.0,100.0,1,135.64,73.60931669,89.22987667,63.58334033,100,Clear,No
20-06-2022,Koramangala,Sony World Junction,64796,23.50584526,1.5,100.0,100.0,1,179.592,75.38306549,87.28307272,83.26406966,98,Fog,No
21-06-2022,Koramangala,Sony World Junction,28662,20.93857558,1.5,88.44024335,100.0,3,107.324,68.28498048,95.6281611,70.50107617,109,Clear,No
22-06-2022,Koramangala,Sony World Junction,44464,37.51785246,1.5,100.0,100.0,1,138.928,45.59633221,89.20316106,84.91963925,108,Clear,No
23-06-2022,Koramangala,Sony World Junction,65333,31.62230885,1.5,100.0,100.0,3,180.666,40.32795946,75.31086622,55.33567776,87,Fog,No
24-06-2022,Koramangala,Sony World Junction,45662,44.14950659,1.5,100.0,100.0,4,141.324,20.05136288,99.14513025,52.26475644,99,Clear,No
25-06-2022,Koramangala,Sony World Junction,43171,36.15435907,1.5,100.0,100.0,1,136.342,60.43082197,88.15873467,85.00810624,117,Clear,No
26-06-2022,Koramangala,Sony World Junction,69874,37.31276336,1.5,100.0,100.0,0,189.748,34.51164498,84.95776867,59.61661848,88,Clear,No
27-06-2022,Koramangala,Sony World Junction,45153,33.49411661,1.5,100.0,100.0,1,140.306,36.49967951,70.4546837,68.05817011,100,Clear,No
28-06-2022,Koramangala,Sony World Junction,29850,34.92899878,1.5,96.48464582,100.0,3,109.7,67.04274032,60.13083701,66.68005896,105,Clear,No
29-06-2022,Koramangala,Sony World Junction,45998,36.18264899,1.5,100.0,100.0,3,141.996,17.46457344,65.64721995,93.73407266,94,Clear,No
30-06-2022,Koramangala,Sony World Junction,65636,39.57398638,1.5,100.0,100.0,1,181.272,13.60027108,97.61893452,72.80146518,105,Overcast,No
01-07-2022,Koramangala,Sony World Junction,25989,38.13935072,1.5,92.4402353,100.0,1,101.978,29.24068289,96.77432262,71.86100638,120,Windy,No
02-07-2022,Koramangala,Sony World Junction,62526,27.718351,1.5,100.0,100.0,4,175.052,71.05850361,86.31114428,65.52171266,90,Clear,No
03-07-2022,Koramangala,Sony World Junction,40524,20.0,1.5,100.0,100.0,2,131.048,29.82509389,71.49429483,61.68280231,95,Clear,No
05-07-2022,Koramangala,Sony World Junction,49842,46.9508489,1.5,100.0,100.0,1,149.684,15.22292463,63.53437814,78.64895857,97,Clear,No
06-07-2022,Koramangala,Sony World Junction,61767,30.54170519,1.5,100.0,100.0,2,173.534,60.79131696,77.80210076,87.69352266,106,Clear,No
07-07-2022,Koramangala,Sony World Junction,29798,34.97206927,1.5,100.0,100.0,2,109.596,56.03358157,92.86012576,89.62384239,109,Clear,No
08-07-2022,Koramangala,Sony World Junction,47430,32.94682355,1.5,100.0,100.0,0,144.86,54.21764906,95.16315953,58.91416141,107,Overcast,No
09-07-2022,Koramangala,Sony World Junction,45604,48.87205268,1.5,100.0,100.0,1,141.208,42.93896487,96.90584966,64.8686646,116,Clear,No
10-07-2022,Koramangala,Sony World Junction,31026,34.33426551,1.5,100.0,100.0,3,112.052,46.38000036,70.10664802,99.93362772,93,Rain,No
12-07-2022,Koramangala,Sony World Junction,54547,35.99813669,1.5,100.0,100.0,3,159.094,64.82493691,72.67612018,75.80798234,106,Clear,No
13-07-2022,Koramangala,Sony World Junction,31339,30.14855735,1.5,100.0,100.0,4,112.678,28.6057383,86.26190708,69.5243681,87,Fog,No
14-07-2022,Koramangala,Sony World Junction,46500,43.5316682,1.5,100.0,100.0,3,143.0,57.25024295,70.65673484,69.47174832,96,Clear,No
15-07-2022,Koramangala,Sony World Junction,14153,37.31578246,1.095585488,47.05430077,71.59725652,0,78.306,72.25492046,84.79895293,79.86258651,226,Clear,No
16-07-2022,Koramangala,Sony World Junction,30568,31.13224803,1.5,100.0,100.0,3,111.136,36.79188301,85.62683073,54.48739188,107,Clear,Yes
17-07-2022,Koramangala,Sony World Junction,30240,27.8925602,1.5,98.03409811,100.0,3,110.48,20.56043698,78.45390105,97.55062572,110,Clear,No
19-07-2022,Koramangala,Sony World Junction,32476,42.00767326,1.5,100.0,100.0,1,114.952,60.44999664,87.60682999,84.51225814,119,Clear,No
20-07-2022,Koramangala,Sony World Junction,16414,33.66429179,1.085382435,60.91279236,79.26764458,0,82.828,45.5656542,89.05846286,67.48276703,108,Clear,Yes
21-07-2022,Koramangala,Sony World Junction,62918,35.9338697,1.5,100.0,100.0,0,175.836,60.55252688,82.18271161,56.35758323,103,Fog,No
22-07-2022,Koramangala,Sony World Junction,31708,37.79415535,1.5,100.0,100.0,3,113.416,71.95909356,83.45168881,92.44366106,86,Clear,No
23-07-2022,Koramangala,Sony World Junction,49729,39.9450463,1.5,100.0,100.0,0,149.458,32.78096905,87.18539173,52.25710369,83,Clear,No
24-07-2022,Koramangala,Sony World Junction,44704,55.3380005,1.5,100.0,100.0,4,139.408,78.99211675,62.20546941,67.93102088,94,Overcast,No
25-07-2022,Koramangala,Sony World Junction,56434,30.61932634,1.5,100.0,100.0,2,162.868,17.66676014,80.0713439,96.55690004,100,Clear,No
26-07-2022,Koramangala,Sony World Junction,53981,30.24529679,1.5,100.0,100.0,1,157.962,45.03935495,66.93430156,69.67575313,97,Windy,Yes
27-07-2022,Koramangala,Sony World Junction,42479,27.62277412,1.5,100.0,100.0,1,134.958,17.3395815,72.55076766,83.45815951,94,Clear,No
29-07-2022,Koramangala,Sony World Junction,43779,32.98202897,1.5,100.0,100.0,4,137.558,28.18151569,78.71246798,84.70056397,96,Clear,No
30-07-2022,Koramangala,Sony World Junction,45391,40.75038407,1.5,100.0,100.0,3,140.782,57.35448294,60.2328284,74.9424276,98,Clear,No
31-07-2022,Koramangala,Sony World Junction,46783,33.62672373,1.5,100.0,100.0,1,143.566,36.42822382,68.4029678,54.14877972,105,Clear,No
01-08-2022,Koramangala,Sony World Junction,44869,31.64417456,1.5,100.0,100.0,0,139.738,68.52203985,84.69095474,58.82894862,110,Clear,No
02-08-2022,Koramangala,Sony World Junction,25143,29.73300667,1.5,83.53344612,100.0,2,100.286,39.40323926,78.06564109,80.06472049,93,Clear,No
03-08-2022,Koramangala,Sony World Junction,15525,43.32345065,1.25953573,59.55488625,80.48333025,0,81.05,14.58097516,81.0297842,56.48095099,99,Clear,No
05-08-2022,Koramangala,Sony World Junction,61179,30.25122096,1.5,100.0,100.0,0,172.358,52.33155569,61.05759532,75.06410496,103,Windy,No
07-08-2022,Koramangala,Sony World Junction,44009,21.84562898,1.5,100.0,100.0,1,138.018,46.11408654,79.26851016,60.43597486,114,Clear,No
08-08-2022,Koramangala,Sony World Junction,12647,47.38562673,1.104553001,44.848829,61.87768615,0,75.294,11.61319227,83.56283714,56.10355149,187,Clear,No
10-08-2022,Koramangala,Sony World Junction,33232,40.76676312,1.5,100.0,100.0,1,116.464,62.14176008,86.40574079,63.52618135,86,Overcast,Yes
11-08-2022,Koramangala,Sony World Junction,52008,36.93326619,1.5,100.0,100.0,4,154.016,22.87190749,80.60748431,80.30403888,99,Clear,No
13-08-2022,Koramangala,Sony World Junction,26787,37.26594625,1.5,88.33933058,100.0,2,103.574,37.30263535,93.75186274,75.62739592,113,Clear,No
14-08-2022,Koramangala,Sony World Junction,43316,32.93701371,1.5,100.0,100.0,0,136.632,51.45741708,98.27401685,89.75480312,95,Clear,No
15-08-2022,Koramangala,Sony World Junction,62277,39.66087298,1.5,100.0,100.0,3,174.554,58.05004171,63.11256825,70.4786636,100,Overcast,No
19-08-2022,Koramangala,Sony World Junction,60076,34.67443906,1.5,100.0,100.0,1,170.152,65.84267151,93.16068536,78.00012703,94,Rain,No
20-08-2022,Koramangala,Sony World Junction,40402,39.3763343,1.5,100.0,100.0,2,130.804,16.89850507,63.0009104,79.63538717,100,Clear,Yes
21-08-2022,Koramangala,Sony World Junction,30148,26.38142218,1.5,90.78331369,100.0,1,110.296,57.25238523,74.03855084,67.06699436,100,Rain,Yes
22-08-2022,Koramangala,Sony World Junction,49228,43.39316642,1.5,100.0,100.0,3,148.456,12.95603756,85.73618117,77.40230771,88,Windy,No
23-08-2022,Koramangala,Sony World Junction,14735,40.56585853,1.212820904,41.41029824,78.02616241,2,79.47,69.5981713,92.14936302,95.10529323,201,Clear,Yes
24-08-2022,Koramangala,Sony World Junction,66888,41.99871244,1.5,100.0,100.0,1,183.776,60.98095209,98.59464046,73.51175618,95,Fog,Yes
25-08-2022,Koramangala,Sony World Junction,59245,39.32776778,1.5,100.0,100.0,2,168.49,30.56456126,62.44457449,56.96890931,92,Clear,No
26-08-2022,Koramangala,Sony World Junction,40466,20.31184793,1.5,100.0,100.0,2,130.932,34.71540249,92.15028224,80.05255181,100,Rain,No
28-08-2022,Koramangala,Sony World Junction,29592,37.78668456,1.5,90.98053546,100.0,5,109.184,15.18198635,83.84107514,76.95320529,112,Clear,No
29-08-2022,Koramangala,Sony World Junction,29601,20.0,1.5,100.0,100.0,2,109.202,64.36447253,68.46528936,82.82045698,86,Clear,No
30-08-2022,Koramangala,Sony World Junction,43958,37.00415663,1.5,100.0,100.0,2,137.916,43.06429373,98.72395575,98.56896076,91,Overcast,No
31-08-2022,Koramangala,Sony World Junction,63191,32.58604623,1.5,100.0,100.0,2,176.382,49.720413,72.29593266,94.35734039,101,Overcast,No
01-09-2022,Koramangala,Sony World Junction,34415,28.8985406,1.5,100.0,100.0,2,118.83,15.03278416,97.83186398,71.63709128,96,Clear,Yes
03-09-2022,Koramangala,Sony World Junction,69407,44.73228385,1.5,100.0,100.0,2,188.814,53.05377048,93.14560156,82.89738527,96,Clear,No
05-09-2022,Koramangala,Sony World Junction,48284,35.86415313,1.5,100.0,100.0,1,146.568,30.18844683,98.03122899,63.29578397,83,Clear,No
06-09-2022,Koramangala,Sony World Junction,46257,23.25777718,1.5,100.0,100.0,4,142.514,41.32843242,99.75534778,70.63340104,97,Fog,No
08-09-2022,Koramangala,Sony World Junction,45524,38.03377809,1.5,100.0,100.0,2,141.048,14.34918296,88.47458599,86.12909154,89,Clear,No
09-09-2022,Koramangala,Sony World Junction,15486,34.49166825,1.064174787,51.25079106,79.41955015,0,80.972,56.83741229,83.24288247,71.94695535,115,Clear,No
11-09-2022,Koramangala,Sony World Junction,48695,31.28327815,1.5,100.0,100.0,2,147.39,64.2494779,68.75852183,94.45334149,87,Rain,No
12-09-2022,Koramangala,Sony World Junction,47293,23.88881859,1.5,100.0,100.0,2,144.586,15.57911319,96.6750339,82.38532175,95,Clear,Yes
13-09-2022,Koramangala,Sony World Junction,32377,43.46413161,1.5,100.0,100.0,1,114.754,21.32800224,75.48941025,78.14002611,98,Clear,No
14-09-2022,Koramangala,Sony World Junction,44799,29.70354085,1.5,100.0,100.0,3,139.598,27.08987872,61.18389093,99.14003634,92,Clear,Yes
15-09-2022,Koramangala,Sony World Junction,32506,33.87821832,1.5,100.0,100.0,4,115.012,51.98320195,88.880751,56.77047078,115,Rain,No
17-09-2022,Koramangala,Sony World Junction,46682,31.40313689,1.5,100.0,100.0,2,143.364,35.03425354,76.42699177,65.7488272,82,Clear,No
18-09-2022,Koramangala,Sony World Junction,48981,29.42476939,1.5,100.0,100.0,6,147.962,32.6400151,88.18705934,75.48109195,90,Fog,No
19-09-2022,Koramangala,Sony World Junction,44685,32.92603948,1.5,100.0,100.0,5,139.37,48.33093674,78.31758557,78.29843618,102,Clear,No
20-09-2022,Koramangala,Sony World Junction,47443,27.99672837,1.5,100.0,100.0,1,144.886,65.06386653,82.34336569,61.55065835,87,Overcast,No
21-09-2022,Koramangala,Sony World Junction,62720,20.0,1.5,100.0,100.0,4,175.44,25.53343966,89.67810906,52.62480936,91,Clear,No
22-09-2022,Koramangala,Sony World Junction,43119,42.30458976,1.5,100.0,100.0,0,136.238,42.42675431,60.05777864,77.71970143,99,Fog,No
24-09-2022,Koramangala,Sony World Junction,48387,40.52927481,1.5,100.0,100.0,2,146.774,46.07955203,74.96022462,55.17526157,95,Clear,No
26-09-2022,Koramangala,Sony World Junction,49945,35.285142,1.5,100.0,100.0,0,149.89,52.14643808,71.40016586,56.89203237,95,Clear,No
27-09-2022,Koramangala,Sony World Junction,44315,29.76266493,1.5,100.0,100.0,2,138.63,66.67481514,68.6276641,57.68609232,98,Windy,No
28-09-2022,Koramangala,Sony World Junction,43016,20.0,1.5,100.0,100.0,0,136.032,66.51717214,66.92667789,81.67223641,98,Overcast,No
29-09-2022,Koramangala,Sony World Junction,60662,45.14742301,1.5,100.0,100.0,1,171.324,48.61027644,86.31736697,79.52856435,124,Clear,No
30-09-2022,Koramangala,Sony World Junction,45286,52.636262,1.5,100.0,100.0,3,140.572,43.66676758,73.17877192,75.53023312,103,Fog,No
01-10-2022,Koramangala,Sony World Junction,47147,32.43821204,1.5,100.0,100.0,6,144.294,57.78197113,97.24413237,77.00241208,90,Fog,No
02-10-2022,Koramangala,Sony World Junction,42457,25.79078301,1.5,100.0,100.0,2,134.914,19.42928918,95.15513115,81.69706698,106,Windy,No
03-10-2022,Koramangala,Sony World Junction,30717,22.08995088,1.5,100.0,100.0,2,111.434,64.62514693,70.13277347,64.86454421,101,Fog,No
04-10-2022,Koramangala,Sony World Junction,46366,39.699389,1.5,100.0,100.0,0,142.732,16.35408748,79.19665622,95.01020118,104,Clear,No
05-10-2022,Koramangala,Sony World Junction,45793,31.86215998,1.5,100.0,100.0,2,141.586,74.48845986,96.58411165,77.64504128,104,Clear,No
06-10-2022,Koramangala,Sony World Junction,13283,36.46780691,1.239833059,38.79823017,61.7747365,0,76.566,29.82033127,73.93290526,91.722527,190,Fog,No
08-10-2022,Koramangala,Sony World Junction,30797,41.58662286,1.5,100.0,100.0,2,111.594,30.12927623,64.85560988,71.01967815,83,Clear,No
09-10-2022,Koramangala,Sony World Junction,62181,53.03622059,1.5,100.0,100.0,3,174.362,14.55681896,68.80795669,67.17444325,108,Clear,Yes
10-10-2022,Koramangala,Sony World Junction,42718,43.8364534,1.5,100.0,100.0,1,135.436,30.48402006,71.19926856,86.21254786,117,Clear,No
13-10-2022,Koramangala,Sony World Junction,61937,20.81229551,1.5,100.0,100.0,5,173.874,42.87009902,81.20618513,81.722633,107,Clear,No
14-10-2022,Koramangala,Sony World Junction,46306,32.88661843,1.5,100.0,100.0,0,142.612,15.48036658,79.9252582,88.26718778,86,Clear,No
16-10-2022,Koramangala,Sony World Junction,63496,47.56487688,1.5,100.0,100.0,2,176.992,38.49481182,86.60452825,58.5735473,86,Clear,No
17-10-2022,Koramangala,Sony World Junction,52233,30.96802282,1.5,100.0,100.0,1,154.466,25.72351919,67.19037054,86.85316508,124,Clear,No
18-10-2022,Koramangala,Sony World Junction,57838,28.00351617,1.5,100.0,100.0,1,165.676,18.43818636,69.6042685,71.93608201,100,Clear,Yes
19-10-2022,Koramangala,Sony World Junction,48260,35.57329748,1.5,100.0,100.0,2,146.52,50.32973665,72.23507048,73.36472466,110,Clear,No
20-10-2022,Koramangala,Sony World Junction,38438,25.62967794,1.5,100.0,100.0,0,126.876,30.54809602,65.66469028,56.43846579,93,Windy,No
23-10-2022,Koramangala,Sony World Junction,32045,33.56113984,1.5,100.0,100.0,1,114.09,23.64435573,68.35459166,88.80067777,114,Windy,No
24-10-2022,Koramangala,Sony World Junction,43317,20.0,1.5,100.0,100.0,3,136.634,76.31786254,70.4783692,85.60660551,83,Clear,No
25-10-2022,Koramangala,Sony World Junction,31463,35.98181926,1.5,100.0,100.0,3,112.926,61.89595165,96.35283981,68.11369956,104,Clear,No
26-10-2022,Koramangala,Sony World Junction,69272,37.30814502,1.5,100.0,100.0,2,188.544,59.62733259,79.07528597,84.93767815,101,Clear,No
27-10-2022,Koramangala,Sony World Junction,57938,20.0,1.5,100.0,100.0,1,165.876,42.78725517,64.94464967,50.8745829,117,Clear,No
28-10-2022,Koramangala,Sony World Junction,47167,20.0,1.5,100.0,100.0,2,144.334,10.37561939,76.06112109,87.85931805,111,Overcast,No
29-10-2022,Koramangala,Sony World Junction,43232,20.608033,1.5,100.0,100.0,2,136.464,27.02086354,82.88643481,61.30542931,107,Clear,Yes
30-10-2022,Koramangala,Sony World Junction,13799,56.24417468,1.143141573,44.10765414,67.49087561,2,77.598,50.73149492,62.81932432,85.65959642,203,Clear,No
31-10-2022,Koramangala,Sony World Junction,43030,28.86597274,1.5,100.0,100.0,2,136.06,60.45391832,67.83844331,61.49829217,110,Clear,No
02-11-2022,Koramangala,Sony World Junction,31821,30.06032899,1.5,100.0,100.0,2,113.642,60.39906067,99.5840552,78.29888574,93,Rain,No
05-11-2022,Koramangala,Sony World Junction,29764,25.6102538,1.5,100.0,100.0,1,109.528,77.41626135,61.11239904,95.62215371,115,Clear,No
06-11-2022,Koramangala,Sony World Junction,47365,23.22016177,1.5,100.0,100.0,0,144.73,29.99482448,62.64002915,69.04519246,88,Overcast,No
07-11-2022,Koramangala,Sony World Junction,41901,23.08993928,1.5,100.0,100.0,4,133.802,59.3203817,69.67004739,51.99309867,93,Overcast,No
08-11-2022,Koramangala,Sony World Junction,30939,30.35010984,1.5,93.19102532,100.0,0,111.878,39.41684079,73.34951337,58.8917929,86,Overcast,No
09-11-2022,Koramangala,Sony World Junction,29956,49.01030628,1.5,100.0,100.0,0,109.912,36.66771517,67.34638246,69.65596966,91,Clear,No
11-11-2022,Koramangala,Sony World Junction,15092,39.06545077,1.338513392,41.18622289,75.53206934,1,80.184,29.30557353,96.79680873,54.07348117,103,Clear,Yes
13-11-2022,Koramangala,Sony World Junction,59327,34.70479139,1.5,100.0,100.0,0,168.654,77.19073238,82.46257723,73.46319932,97,Windy,No
14-11-2022,Koramangala,Sony World Junction,48806,21.03233651,1.5,100.0,100.0,2,147.612,60.29887994,97.65569398,88.97957805,94,Clear,No
15-11-2022,Koramangala,Sony World Junction,32452,41.73325108,1.5,100.0,100.0,1,114.904,27.17192049,69.50696593,70.94654772,97,Clear,No
16-11-2022,Koramangala,Sony World Junction,28421,50.40628005,1.5,96.50311007,100.0,3,106.842,49.92242978,97.50035274,84.66060104,82,Fog,No
17-11-2022,Koramangala,Sony World Junction,48792,39.27831343,1.5,100.0,100.0,1,147.584,50.1430204,90.55966696,64.28966762,92,Fog,No
18-11-2022,Koramangala,Sony World Junction,29904,49.40982647,1.5,90.34418826,100.0,2,109.808,65.25101224,85.34936203,51.65681032,130,Clear,No
19-11-2022,Koramangala,Sony World Junction,29246,21.65803009,1.5,99.16058039,100.0,1,108.492,46.03975986,89.67521331,84.72175706,93,Rain,No
21-11-2022,Koramangala,Sony World Junction,66047,34.48371021,1.5,100.0,100.0,3,182.094,79.60580754,69.73259968,73.71694816,83,Overcast,No
26-11-2022,Koramangala,Sony World Junction,29313,30.05510716,1.5,94.62241215,100.0,2,108.626,56.07686484,91.78876823,80.24039744,90,Overcast,No
28-11-2022,Koramangala,Sony World Junction,28173,46.02177082,1.5,92.83057214,100.0,5,106.346,67.57250124,77.10853965,68.51120967,121,Clear,No
29-11-2022,Koramangala,Sony World Junction,44206,30.93448151,1.5,100.0,100.0,2,138.412,29.43933307,65.27946977,55.77758908,102,Rain,No
30-11-2022,Koramangala,Sony World Junction,45363,59.97616955,1.5,100.0,100.0,4,140.726,41.02509352,75.88097376,88.51519785,90,Rain,No
02-12-2022,Koramangala,Sony World Junction,65742,50.17815324,1.5,100.0,100.0,1,181.484,27.06065943,71.11300344,52.93507463,86,Rain,No
04-12-2022,Koramangala,Sony World Junction,62902,39.77579671,1.5,100.0,100.0,2,175.804,53.22196938,73.40866939,83.45008329,102,Clear,No
08-12-2022,Koramangala,Sony World Junction,47093,20.0,1.5,100.0,100.0,2,144.186,10.6985447,87.7872315,85.78061042,104,Overcast,No
09-12-2022,Koramangala,Sony World Junction,31242,30.6191924,1.5,100.0,100.0,3,112.484,11.59378956,65.02193423,87.01416653,97,Fog,No
12-12-2022,Koramangala,Sony World Junction,13963,54.52700614,1.208263793,36.81412034,70.06136462,0,77.926,74.76345226,80.04631574,55.00332479,193,Clear,No
13-12-2022,Koramangala,Sony World Junction,45907,30.33453288,1.5,100.0,100.0,3,141.814,15.70796931,86.61114691,59.70954476,97,Rain,No
14-12-2022,Koramangala,Sony World Junction,41545,24.98118441,1.5,100.0,100.0,1,133.09,66.77196793,95.45903301,83.95156026,98,Overcast,No
18-12-2022,Koramangala,Sony World Junction,62267,44.89603987,1.5,100.0,100.0,1,174.534,44.56331125,75.37737924,94.38652585,111,Windy,No
20-12-2022,Koramangala,Sony World Junction,61908,41.13723879,1.5,100.0,100.0,1,173.816,50.45249871,72.654137,89.07833795,96,Fog,No
21-12-2022,Koramangala,Sony World Junction,49474,38.0335971,1.5,100.0,100.0,3,148.948,12.06171368,84.98391204,99.47691671,102,Overcast,No
22-12-2022,Koramangala,Sony World Junction,58437,24.30503595,1.5,100.0,100.0,3,166.874,20.33244822,63.746941,71.17972895,112,Clear,No
24-12-2022,Koramangala,Sony World Junction,53106,44.08470282,1.5,100.0,100.0,2,156.212,44.97444402,76.64017046,83.68847106,77,Clear,No
26-12-2022,Koramangala,Sony World Junction,47285,20.0,1.5,100.0,100.0,5,144.57,79.79407591,95.54937424,54.4548141,102,Rain,No
27-12-2022,Koramangala,Sony World Junction,43620,42.06965129,1.5,100.0,100.0,1,137.24,51.95817101,98.90022239,88.06281645,92,Clear,No
28-12-2022,Koramangala,Sony World Junction,40311,39.17817579,1.5,100.0,100.0,0,130.622,39.55766968,74.35887711,94.14046297,90,Rain,No
30-12-2022,Koramangala,Sony World Junction,14170,45.0385843,1.315612567,44.68564481,74.9694509,0,78.34,61.37975314,75.97463078,63.41132077,201,Clear,No
31-12-2022,Koramangala,Sony World Junction,42875,29.78788072,1.5,100.0,100.0,3,135.75,40.41402792,61.48347576,84.03495565,127,Clear,Yes
02-01-2023,Koramangala,Sony World Junction,43541,44.35449744,1.5,100.0,100.0,2,137.082,73.83365873,79.32502629,58.5066695,101,Clear,No
06-01-2023,Koramangala,Sony World Junction,59850,40.37606349,1.5,100.0,100.0,1,169.7,41.6281318,87.54749127,98.84178341,101,Overcast,No
07-01-2023,Koramangala,Sony World Junction,15465,63.02945663,1.173697969,45.58103981,78.56843215,0,80.93,40.0422009,62.25940588,88.83732536,84,Overcast,No
08-01-2023,Koramangala,Sony World Junction,29254,23.57038207,1.5,91.15415557,100.0,1,108.508,59.75775836,68.10283604,50.58575116,109,Clear,Yes
09-01-2023,Koramangala,Sony World Junction,35875,37.06297739,1.5,100.0,100.0,2,121.75,64.60136402,67.08619823,92.50232864,100,Clear,No
10-01-2023,Koramangala,Sony World Junction,29681,30.79281723,1.5,89.13126614,100.0,4,109.362,62.80336145,91.33111084,92.71009465,79,Fog,Yes
12-01-2023,Koramangala,Sony World Junction,45122,34.33809553,1.5,100.0,100.0,2,140.244,75.80234524,65.5107042,95.11114059,107,Clear,No
13-01-2023,Koramangala,Sony World Junction,44659,25.51565218,1.5,100.0,100.0,0,139.318,55.49563409,87.81004932,94.44910512,92,Clear,No
14-01-2023,Koramangala,Sony World Junction,29281,33.75903173,1.5,99.21867785,100.0,2,108.562,51.1840318,79.66364837,74.40612167,110,Clear,No
16-01-2023,Koramangala,Sony World Junction,49631,41.67108992,1.5,100.0,100.0,3,149.262,54.14573211,68.11482144,93.06122559,103,Overcast,No
17-01-2023,Koramangala,Sony World Junction,46404,50.3941796,1.5,100.0,100.0,2,142.808,64.68290951,70.45790031,95.7796983,94,Clear,No
18-01-2023,Koramangala,Sony World Junction,43505,44.23510469,1.5,100.0,100.0,0,137.01,15.08993397,60.85767079,76.36222245,103,Overcast,No
19-01-2023,Koramangala,Sony World Junction,30811,36.32511697,1.5,100.0,100.0,2,111.622,68.30620767,66.71859651,64.49865225,102,Rain,No
20-01-2023,Koramangala,Sony World Junction,49849,41.80166807,1.5,100.0,100.0,3,149.698,79.58905023,62.91814958,82.38476838,131,Clear,No
21-01-2023,Koramangala,Sony World Junction,29627,26.27292594,1.5,96.32836993,100.0,2,109.254,28.64561673,89.44356004,93.49833456,82,Clear,No
22-01-2023,Koramangala,Sony World Junction,28441,32.62464178,1.5,91.10060084,100.0,1,106.882,10.583737,63.55774248,51.8075021,97,Clear,No
23-01-2023,Koramangala,Sony World Junction,33196,28.43304668,1.5,100.0,100.0,0,116.392,28.09618852,68.7708637,87.20854738,99,Fog,No
24-01-2023,Koramangala,Sony World Junction,14680,40.48553732,1.088923744,45.48676192,68.94416418,1,79.36,59.13747153,81.40292679,77.63944025,179,Fog,No
25-01-2023,Koramangala,Sony World Junction,29580,20.94046791,1.5,100.0,100.0,3,109.16,39.05252329,76.99698328,99.94119056,97,Clear,No
27-01-2023,Koramangala,Sony World Junction,29322,41.76536337,1.5,100.0,100.0,2,108.644,69.05525878,92.36201509,81.99182362,94,Windy,No
30-01-2023,Koramangala,Sony World Junction,15185,49.00707466,1.35524234,60.2674144,75.72153962,1,80.37,78.39861342,69.88894336,50.69085855,90,Clear,Yes
31-01-2023,Koramangala,Sony World Junction,45464,50.27709903,1.5,100.0,100.0,1,140.928,57.64487976,92.62712246,75.11803891,106,Clear,Yes
01-02-2023,Koramangala,Sony World Junction,61208,40.82274116,1.5,100.0,100.0,2,172.416,47.84600573,78.23819522,76.2247634,93,Rain,No
02-02-2023,Koramangala,Sony World Junction,46815,53.31285246,1.5,100.0,100.0,0,143.63,61.75284195,95.31793291,52.28365024,101,Clear,No
03-02-2023,Koramangala,Sony World Junction,64048,20.0,1.5,100.0,100.0,2,178.096,40.09204929,83.03630944,98.46006314,104,Clear,No
04-02-2023,Koramangala,Sony World Junction,14474,60.5872011,1.263530011,47.61338157,67.63497714,1,78.948,20.91837522,95.64328628,59.07808816,197,Clear,No
05-02-2023,Koramangala,Sony World Junction,55463,32.22827407,1.5,100.0,100.0,2,160.926,41.12546765,94.18195847,82.76973421,88,Overcast,No
06-02-2023,Koramangala,Sony World Junction,29267,37.40703225,1.5,100.0,100.0,1,108.534,70.66071079,76.05938277,50.77131748,104,Overcast,No
07-02-2023,Koramangala,Sony World Junction,45200,34.55142642,1.5,100.0,100.0,2,140.4,35.43771287,99.04537416,77.38611313,102,Overcast,No
08-02-2023,Koramangala,Sony World Junction,26656,33.95601589,1.5,90.8950721,100.0,2,103.312,32.3452007,90.00769494,59.40575852,109,Clear,No
09-02-2023,Koramangala,Sony World Junction,62127,39.28092426,1.5,100.0,100.0,1,174.254,33.93842243,78.52732503,53.38676358,102,Windy,No
15-02-2023,Koramangala,Sony World Junction,44613,31.24129324,1.5,100.0,100.0,1,139.226,11.46850343,76.52054499,66.51935883,102,Clear,No
18-02-2023,Koramangala,Sony World Junction,32479,31.88038083,1.5,100.0,100.0,1,114.958,42.42271905,60.30112548,60.3660044,91,Clear,No
19-02-2023,Koramangala,Sony World Junction,46100,22.63614886,1.5,100.0,100.0,1,142.2,37.90812723,66.66302435,73.05973861,103,Clear,No
20-02-2023,Koramangala,Sony World Junction,45365,37.64518079,1.5,100.0,100.0,1,140.73,61.44785989,97.68263827,94.27003857,88,Windy,No
21-02-2023,Koramangala,Sony World Junction,58395,40.5322279,1.5,100.0,100.0,0,166.79,13.47067594,91.98476211,77.24953448,102,Overcast,No
22-02-2023,Koramangala,Sony World Junction,45539,33.46348432,1.5,100.0,100.0,0,141.078,38.96273628,80.91110434,52.08193159,84,Rain,No
25-02-2023,Koramangala,Sony World Junction,61508,36.03905144,1.5,100.0,100.0,3,173.016,51.54595009,67.43824419,62.23130704,101,Clear,No
26-02-2023,Koramangala,Sony World Junction,58250,25.86850136,1.5,100.0,100.0,0,166.5,67.86519124,97.70991145,97.63479343,84,Clear,No
27-02-2023,Koramangala,Sony World Junction,15578,48.90026625,1.351008409,50.26163836,77.84261735,0,81.156,20.31410729,68.48685099,56.7392571,97,Clear,No
01-03-2023,Koramangala,Sony World Junction,14242,26.83807649,1.263627486,53.60246026,68.61062802,0,78.484,26.36137106,98.04661395,82.37733784,207,Clear,No
02-03-2023,Koramangala,Sony World Junction,14161,35.26834322,1.090498111,54.00501244,75.59401995,2,78.322,47.01424359,88.86312019,51.78814394,172,Clear,No
04-03-2023,Koramangala,Sony World Junction,14597,58.29539307,1.390554282,55.26283409,68.14621883,1,79.194,44.03854506,80.24485392,52.98606011,181,Rain,No
07-03-2023,Koramangala,Sony World Junction,31072,33.72211735,1.5,100.0,100.0,3,112.144,68.66949324,81.67595544,61.99811388,97,Fog,No
08-03-2023,Koramangala,Sony World Junction,45034,28.56931341,1.5,100.0,100.0,2,140.068,43.84825284,74.82738317,54.05155548,113,Rain,No
09-03-2023,Koramangala,Sony World Junction,27993,39.58989447,1.5,96.35945432,100.0,4,105.986,71.83594882,80.23611861,75.85833578,103,Clear,No
10-03-2023,Koramangala,Sony World Junction,60273,20.0,1.5,100.0,100.0,5,170.546,42.30183057,84.61354743,72.66562257,98,Overcast,No
11-03-2023,Koramangala,Sony World Junction,31406,22.49522568,1.5,100.0,100.0,0,112.812,22.79689256,66.40248302,78.41971675,89,Rain,No
12-03-2023,Koramangala,Sony World Junction,47742,27.46898056,1.5,100.0,100.0,4,145.484,43.53160972,97.79646119,90.60907257,94,Clear,No
14-03-2023,Koramangala,Sony World Junction,31104,23.98956758,1.5,96.49522805,100.0,1,112.208,29.67849075,89.85552382,96.21079758,116,Clear,No
16-03-2023,Koramangala,Sony World Junction,67016,27.85145801,1.5,100.0,100.0,4,184.032,64.32164313,91.51741675,92.67565494,94,Overcast,No
17-03-2023,Koramangala,Sony World Junction,41388,34.65451072,1.5,100.0,100.0,1,132.776,29.33710523,84.5128609,78.93013102,101,Clear,No
18-03-2023,Koramangala,Sony World Junction,46073,24.41942107,1.5,100.0,100.0,2,142.146,21.69293541,62.24538937,82.53527113,91,Clear,No
20-03-2023,Koramangala,Sony World Junction,27841,31.55242623,1.5,89.79957432,100.0,4,105.682,58.76794067,99.86203502,61.39116629,88,Rain,No
21-03-2023,Koramangala,Sony World Junction,42688,30.04565358,1.5,100.0,100.0,2,135.376,30.57453692,92.53508127,87.85186781,100,Clear,No
22-03-2023,Koramangala,Sony World Junction,42606,46.81268994,1.5,100.0,100.0,2,135.212,67.05785358,80.08716439,95.19452581,102,Clear,No
24-03-2023,Koramangala,Sony World Junction,49340,41.08385093,1.5,100.0,100.0,1,148.68,68.25281099,69.87040791,87.54215078,96,Clear,No
25-03-2023,Koramangala,Sony World Junction,50347,28.83109064,1.5,100.0,100.0,1,150.694,24.64807462,79.32405423,82.61518843,97,Rain,No
27-03-2023,Koramangala,Sony World Junction,44843,42.67704681,1.5,100.0,100.0,0,139.686,64.71162003,89.31469544,52.15967735,120,Clear,No
28-03-2023,Koramangala,Sony World Junction,44140,44.78586444,1.5,100.0,100.0,1,138.28,30.26595199,81.76167929,51.05405498,101,Clear,Yes
29-03-2023,Koramangala,Sony World Junction,30261,38.80050464,1.5,94.22228225,100.0,3,110.522,60.8201291,71.05451557,78.29553536,103,Clear,No
30-03-2023,Koramangala,Sony World Junction,45188,28.20124213,1.5,100.0,100.0,4,140.376,25.67852765,87.13396781,67.37015092,91,Clear,No
31-03-2023,Koramangala,Sony World Junction,39920,37.64845837,1.5,100.0,100.0,3,129.84,56.41738501,89.97042243,71.70108421,102,Clear,No
01-04-2023,Koramangala,Sony World Junction,40997,37.9307525,1.5,100.0,100.0,2,131.994,58.36354611,98.00185232,95.89404187,111,Clear,No
02-04-2023,Koramangala,Sony World Junction,43780,35.5325174,1.5,100.0,100.0,4,137.56,61.24217952,74.71994496,56.95364599,96,Overcast,No
03-04-2023,Koramangala,Sony World Junction,49256,24.15198489,1.5,100.0,100.0,1,148.512,67.93765307,78.11073583,91.16358014,125,Rain,No
05-04-2023,Koramangala,Sony World Junction,43199,28.26892357,1.5,100.0,100.0,2,136.398,44.57594136,82.41629375,93.4141239,82,Clear,No
09-04-2023,Koramangala,Sony World Junction,49903,33.92492444,1.5,100.0,100.0,2,149.806,69.56706117,66.75679176,51.55912698,97,Clear,No
10-04-2023,Koramangala,Sony World Junction,13608,43.4613011,1.003256815,40.64545482,65.19243677,1,77.216,26.63472412,68.92191046,69.38831695,189,Clear,No
13-04-2023,Koramangala,Sony World Junction,63444,30.31038701,1.5,100.0,100.0,1,176.888,66.7006538,62.29650376,91.60072997,106,Clear,Yes
14-04-2023,Koramangala,Sony World Junction,47648,48.21549705,1.5,100.0,100.0,1,145.296,29.82914381,80.9655336,58.64754437,102,Clear,No
15-04-2023,Koramangala,Sony World Junction,62703,37.85106109,1.5,100.0,100.0,4,175.406,28.5021928,61.79297533,74.87216034,106,Clear,Yes
16-04-2023,Koramangala,Sony World Junction,31886,49.90307714,1.5,100.0,100.0,2,113.772,42.48298476,60.61732996,79.60197536,109,Clear,No
17-04-2023,Koramangala,Sony World Junction,42943,25.11012951,1.5,100.0,100.0,0,135.886,47.20819147,60.03805836,80.44576741,115,Clear,No
18-04-2023,Koramangala,Sony World Junction,46344,30.64283026,1.5,100.0,100.0,3,142.688,62.18408075,98.74047583,91.1187932,103,Fog,No
19-04-2023,Koramangala,Sony World Junction,45263,44.60847954,1.5,100.0,100.0,2,140.526,41.69251447,65.42935668,62.04150038,90,Clear,No
21-04-2023,Koramangala,Sony World Junction,58679,58.93113603,1.5,100.0,100.0,0,167.358,16.33487538,93.96544274,95.6222396,88,Clear,No
23-04-2023,Koramangala,Sony World Junction,52173,20.0,1.5,100.0,100.0,2,154.346,77.98376518,60.20809796,65.13217199,102,Rain,No
24-04-2023,Koramangala,Sony World Junction,51447,31.45837892,1.5,100.0,100.0,0,152.894,36.69921202,97.86447308,84.24071552,98,Clear,No
27-04-2023,Koramangala,Sony World Junction,31940,52.03190015,1.5,100.0,100.0,1,113.88,18.86911743,83.50843456,96.64527797,113,Rain,No
30-04-2023,Koramangala,Sony World Junction,41887,30.90385943,1.5,100.0,100.0,1,133.774,50.4749775,75.61955753,96.07690651,99,Clear,Yes
01-05-2023,Koramangala,Sony World Junction,42608,43.75902117,1.5,100.0,100.0,2,135.216,78.3723678,96.49350037,78.93600065,109,Clear,No
02-05-2023,Koramangala,Sony World Junction,55703,21.16399994,1.5,100.0,100.0,1,161.406,53.69258715,84.16214543,79.55240257,101,Clear,No
03-05-2023,Koramangala,Sony World Junction,30565,38.29612907,1.5,95.5589493,100.0,2,111.13,61.11366211,96.83180474,53.24741967,101,Windy,Yes
04-05-2023,Koramangala,Sony World Junction,30041,50.301441,1.5,91.85725849,100.0,1,110.082,10.63397173,63.50886294,91.09776959,99,Clear,No
07-05-2023,Koramangala,Sony World Junction,58253,28.45529564,1.5,100.0,100.0,2,166.506,21.29023797,67.59266391,52.98238404,103,Clear,No
08-05-2023,Koramangala,Sony World Junction,56121,23.90194463,1.5,100.0,100.0,2,162.242,29.21163438,60.74560019,99.35724419,107,Rain,No
09-05-2023,Koramangala,Sony World Junction,28477,42.26129325,1.5,99.47928749,100.0,1,106.954,69.54090987,80.4451671,96.06057775,102,Rain,No
10-05-2023,Koramangala,Sony World Junction,59361,44.99150537,1.5,100.0,100.0,6,168.722,15.97608012,99.18805828,61.2743462,96,Clear,No
11-05-2023,Koramangala,Sony World Junction,66418,40.81164668,1.5,100.0,100.0,1,182.836,21.6097811,71.39684028,67.56113637,97,Fog,No
12-05-2023,Koramangala,Sony World Junction,14477,43.4628559,1.179980635,43.08374514,72.36738269,0,78.954,48.44331336,98.65734043,81.86160972,203,Clear,No
13-05-2023,Koramangala,Sony World Junction,44840,58.06358018,1.5,100.0,100.0,5,139.68,41.7663515,97.71076752,97.98845464,90,Clear,No
15-05-2023,Koramangala,Sony World Junction,44778,20.0,1.5,100.0,100.0,2,139.556,36.6780353,74.63305116,78.10443026,108,Clear,No
16-05-2023,Koramangala,Sony World Junction,61485,42.84003015,1.5,100.0,100.0,1,172.97,38.77758172,63.55235892,71.322838,87,Clear,No
21-05-2023,Koramangala,Sony World Junction,43301,30.15740565,1.5,100.0,100.0,6,136.602,52.31819792,68.66547754,76.28187615,91,Clear,No
22-05-2023,Koramangala,Sony World Junction,50513,20.0,1.5,100.0,100.0,1,151.026,30.85297381,87.69083252,63.52572423,103,Clear,No
23-05-2023,Koramangala,Sony World Junction,59438,35.88040532,1.5,100.0,100.0,0,168.876,43.63692721,68.78960105,82.39682033,123,Clear,No
25-05-2023,Koramangala,Sony World Junction,31384,20.0,1.5,97.90125221,100.0,2,112.768,53.03757579,87.83300493,64.73590298,115,Overcast,No
27-05-2023,Koramangala,Sony World Junction,60037,44.23506723,1.5,100.0,100.0,3,170.074,42.13272986,86.56565968,90.61464197,109,Overcast,Yes
29-05-2023,Koramangala,Sony World Junction,17671,36.92955071,1.002413445,61.95586729,88.54029449,1,85.342,59.35133626,68.68128299,60.3171046,90,Clear,No
30-05-2023,Koramangala,Sony World Junction,30706,29.81584472,1.5,100.0,100.0,5,111.412,58.55635036,88.37339722,81.54080219,95,Fog,No
31-05-2023,Koramangala,Sony World Junction,33859,48.12137474,1.5,100.0,100.0,3,117.718,56.98642027,81.63103242,74.98142223,97,Overcast,No
01-06-2023,Koramangala,Sony World Junction,50593,49.74056055,1.5,100.0,100.0,4,151.186,37.6160307,98.60079486,86.45279748,100,Clear,No
02-06-2023,Koramangala,Sony World Junction,62795,20.0,1.5,100.0,100.0,1,175.59,42.18506173,70.58306747,99.98116081,88,Clear,No
03-06-2023,Koramangala,Sony World Junction,47971,29.75401502,1.5,100.0,100.0,4,145.942,27.89297433,78.13227524,78.5646058,88,Clear,No
04-06-2023,Koramangala,Sony World Junction,50806,20.0,1.5,100.0,100.0,1,151.612,58.87544413,85.61575697,84.70078391,99,Clear,Yes
05-06-2023,Koramangala,Sony World Junction,58732,34.94801397,1.5,100.0,100.0,1,167.464,20.90741146,61.15798265,61.31697655,92,Rain,No
06-06-2023,Koramangala,Sony World Junction,66530,31.39723043,1.5,100.0,100.0,1,183.06,14.83049176,84.88132443,55.70483958,100,Clear,No
14-06-2023,Koramangala,Sony World Junction,43983,41.87843547,1.5,100.0,100.0,0,137.966,51.03801245,79.69696144,90.50441413,109,Clear,No
15-06-2023,Koramangala,Sony World Junction,44244,33.72304308,1.5,100.0,100.0,1,138.488,11.64547291,66.6093083,90.74244706,73,Rain,Yes
17-06-2023,Koramangala,Sony World Junction,60249,27.16961803,1.5,100.0,100.0,1,170.498,26.56032697,83.29585315,92.78821487,97,Clear,No
20-06-2023,Koramangala,Sony World Junction,48311,33.18253809,1.5,100.0,100.0,3,146.622,72.96057831,64.87198495,57.06773329,112,Clear,No
21-06-2023,Koramangala,Sony World Junction,31114,43.56349325,1.5,100.0,100.0,1,112.228,62.8783999,96.03613467,95.58364192,108,Rain,No
23-06-2023,Koramangala,Sony World Junction,28204,31.19028754,1.5,100.0,100.0,2,106.408,43.72276031,62.51561624,98.45835292,99,Clear,No
24-06-2023,Koramangala,Sony World Junction,49818,28.95085536,1.5,100.0,100.0,2,149.636,44.29198209,82.02489411,96.38288594,99,Clear,No
25-06-2023,Koramangala,Sony World Junction,59728,41.62284056,1.5,100.0,100.0,2,169.456,17.94881685,74.34314313,58.65162407,101,Clear,No
29-06-2023,Koramangala,Sony World Junction,62412,40.2052145,1.5,100.0,100.0,0,174.824,74.21461047,63.71761445,89.23323873,81,Clear,No
01-07-2023,Koramangala,Sony World Junction,29721,20.06762488,1.5,98.8303057,100.0,1,109.442,77.0620992,62.74248375,77.47858777,94,Rain,No
02-07-2023,Koramangala,Sony World Junction,49262,25.16008097,1.5,100.0,100.0,3,148.524,20.36410866,70.95726207,66.62504641,88,Clear,No
03-07-2023,Koramangala,Sony World Junction,42853,33.82129379,1.5,100.0,100.0,2,135.706,60.48880687,98.77240638,76.05034556,94,Clear,No
04-07-2023,Koramangala,Sony World Junction,47840,30.34386685,1.5,100.0,100.0,1,145.68,30.97820434,86.78072631,59.1479185,85,Rain,No
05-07-2023,Koramangala,Sony World Junction,45044,53.76731282,1.5,100.0,100.0,1,140.088,57.56807653,78.12379994,85.83899657,97,Clear,No
09-07-2023,Koramangala,Sony World Junction,29656,37.38818901,1.5,100.0,100.0,10,109.312,77.528094,77.92920006,96.26936149,91,Clear,No
10-07-2023,Koramangala,Sony World Junction,32118,47.60426752,1.5,100.0,100.0,1,114.236,45.84823676,68.64024745,61.50278654,109,Windy,No
11-07-2023,Koramangala,Sony World Junction,59189,20.78455866,1.5,100.0,100.0,2,168.378,63.01890852,82.91709645,89.3485697,103,Clear,No
12-07-2023,Koramangala,Sony World Junction,27375,20.54368809,1.5,100.0,100.0,4,104.75,13.11931469,75.09388003,93.52029468,109,Clear,No
14-07-2023,Koramangala,Sony World Junction,60293,30.82279656,1.5,100.0,100.0,0,170.586,18.68500378,89.68634519,55.67480138,105,Clear,No
17-07-2023,Koramangala,Sony World Junction,58139,34.6047335,1.5,100.0,100.0,1,166.278,58.64735804,82.9526895,94.49847914,99,Clear,No
19-07-2023,Koramangala,Sony World Junction,45046,49.90366724,1.5,100.0,100.0,2,140.092,41.71454904,79.22887874,70.87590457,113,Overcast,No
20-07-2023,Koramangala,Sony World Junction,43076,20.51762848,1.5,100.0,100.0,0,136.152,10.22329722,69.44570527,59.16040396,109,Overcast,No
21-07-2023,Koramangala,Sony World Junction,31534,25.39327607,1.5,100.0,100.0,1,113.068,30.3477889,66.83849398,61.02871948,109,Fog,No
22-07-2023,Koramangala,Sony World Junction,41043,39.54089828,1.5,100.0,100.0,0,132.086,48.45631171,76.83659537,83.46798406,115,Rain,No
23-07-2023,Koramangala,Sony World Junction,61405,35.56112714,1.5,100.0,100.0,0,172.81,70.1411431,92.71482148,88.65287289,105,Clear,No
24-07-2023,Koramangala,Sony World Junction,31521,42.02832793,1.5,100.0,100.0,1,113.042,20.13679045,77.51689812,85.99426023,114,Rain,No
25-07-2023,Koramangala,Sony World Junction,28139,31.81374928,1.5,90.99515966,100.0,1,106.278,48.76494998,60.47829161,75.30488854,93,Clear,No
26-07-2023,Koramangala,Sony World Junction,44533,33.24747142,1.5,100.0,100.0,1,139.066,30.20630311,82.21003163,70.70721675,112,Clear,No
27-07-2023,Koramangala,Sony World Junction,31076,20.0,1.5,95.39493513,100.0,1,112.152,27.798796,65.72254401,73.88279347,114,Rain,Yes
28-07-2023,Koramangala,Sony World Junction,65535,20.0,1.5,100.0,100.0,3,181.07,22.62300843,88.0256029,87.71595023,92,Rain,No
29-07-2023,Koramangala,Sony World Junction,31949,25.73165825,1.5,98.10414711,100.0,1,113.898,72.62489938,87.15437243,58.4295259,101,Fog,No
30-07-2023,Koramangala,Sony World Junction,43253,41.75584777,1.5,100.0,100.0,4,136.506,73.63520164,61.54345253,50.3636847,103,Clear,No
31-07-2023,Koramangala,Sony World Junction,48868,51.72265586,1.5,100.0,100.0,1,147.736,59.50904112,68.61428597,74.93668775,94,Windy,No
01-08-2023,Koramangala,Sony World Junction,48650,36.53010048,1.5,100.0,100.0,2,147.3,53.23592605,88.85615425,73.76377958,93,Rain,No
02-08-2023,Koramangala,Sony World Junction,68275,38.30045962,1.5,100.0,100.0,1,186.55,74.31881846,62.73289982,55.23544008,88,Clear,No
03-08-2023,Koramangala,Sony World Junction,31590,30.05467467,1.5,100.0,100.0,4,113.18,72.70379478,88.09406676,83.4116881,104,Clear,No
05-08-2023,Koramangala,Sony World Junction,27640,39.58173601,1.5,95.03307693,100.0,0,105.28,28.12824209,86.93978496,85.56074409,102,Clear,No
07-08-2023,Koramangala,Sony World Junction,14441,54.24376159,1.294048707,54.54275016,75.01126342,0,78.882,41.45017502,62.72976585,76.26607914,198,Clear,No
08-08-2023,Koramangala,Sony World Junction,27670,34.2202919,1.5,84.18095922,100.0,7,105.34,20.32341249,60.27682726,82.39623709,97,Clear,No
10-08-2023,Koramangala,Sony World Junction,31207,38.14458107,1.5,100.0,100.0,1,112.414,59.49450925,62.24503199,62.22086757,105,Clear,No
11-08-2023,Koramangala,Sony World Junction,56283,34.36191912,1.5,100.0,100.0,3,162.566,22.23187413,92.42328498,66.55033581,100,Fog,No
12-08-2023,Koramangala,Sony World Junction,31386,29.08058786,1.5,96.75592577,100.0,4,112.772,32.58192816,83.41700886,78.77060644,107,Overcast,No
13-08-2023,Koramangala,Sony World Junction,33821,39.89705775,1.5,100.0,100.0,3,117.642,60.10965166,87.23007452,53.11992435,91,Clear,No
14-08-2023,Koramangala,Sony World Junction,16225,46.5073363,1.213248928,52.77413882,85.49287379,0,82.45,19.67411631,87.40555307,55.44121361,87,Clear,No
15-08-2023,Koramangala,Sony World Junction,41972,20.0,1.5,100.0,100.0,5,133.944,26.18847324,93.91273512,97.8586174,108,Overcast,Yes
18-08-2023,Koramangala,Sony World Junction,46075,38.24901249,1.5,100.0,100.0,1,142.15,45.068891,70.57036777,93.9158199,101,Overcast,Yes
19-08-2023,Koramangala,Sony World Junction,14761,53.73454524,1.170439867,49.10095809,71.05131352,0,79.522,27.49764236,93.44068872,91.3079416,199,Windy,No
21-08-2023,Koramangala,Sony World Junction,30798,22.52580019,1.5,97.61311718,100.0,0,111.596,27.95078902,79.32003531,89.80244634,96,Clear,Yes
22-08-2023,Koramangala,Sony World Junction,15712,57.3794931,1.074061823,54.78236563,82.8163401,0,81.424,78.20798906,71.84864921,80.3752565,93,Clear,No
23-08-2023,Koramangala,Sony World Junction,32693,42.21796685,1.5,100.0,100.0,1,115.386,19.53029796,94.68746423,56.39117751,103,Windy,No
24-08-2023,Koramangala,Sony World Junction,50094,58.96397817,1.5,100.0,100.0,2,150.188,77.30686597,92.32568456,72.3547334,103,Clear,No
26-08-2023,Koramangala,Sony World Junction,62636,36.69243087,1.5,100.0,100.0,4,175.272,57.33217995,88.39797853,87.67431873,110,Overcast,No
27-08-2023,Koramangala,Sony World Junction,46299,44.03120402,1.5,100.0,100.0,4,142.598,30.39677137,86.15280525,50.47831645,91,Clear,No
28-08-2023,Koramangala,Sony World Junction,66958,40.22770211,1.5,100.0,100.0,1,183.916,76.42231318,82.23743688,89.13944452,105,Windy,No
29-08-2023,Koramangala,Sony World Junction,61041,48.85893716,1.5,100.0,100.0,0,172.082,72.87396363,69.61038691,76.16376229,121,Rain,No
30-08-2023,Koramangala,Sony World Junction,37612,23.75188853,1.5,100.0,100.0,3,125.224,40.68197772,66.10184871,78.94945611,97,Clear,No
01-09-2023,Koramangala,Sony World Junction,14226,51.52068716,1.331590179,55.5476508,67.18356705,0,78.452,74.77021281,90.82817617,51.94484361,185,Overcast,No
04-09-2023,Koramangala,Sony World Junction,61815,35.30913409,1.5,100.0,100.0,4,173.63,75.57079212,73.39941232,83.25230693,96,Clear,No
06-09-2023,Koramangala,Sony World Junction,28016,48.5057913,1.5,100.0,100.0,3,106.032,30.24915052,82.92358221,60.95746775,99,Fog,No
09-09-2023,Koramangala,Sony World Junction,53777,45.79261605,1.5,100.0,100.0,2,157.554,72.24519555,91.90157338,70.09471647,89,Clear,No
10-09-2023,Koramangala,Sony World Junction,46041,32.19472601,1.5,100.0,100.0,0,142.082,31.19267621,69.1898918,91.31290679,102,Clear,No
11-09-2023,Koramangala,Sony World Junction,30699,23.55184193,1.5,100.0,100.0,3,111.398,62.28688264,88.98030109,58.33264508,90,Clear,No
12-09-2023,Koramangala,Sony World Junction,32197,36.99944791,1.5,100.0,100.0,1,114.394,61.82549732,75.96990568,95.90114215,94,Clear,No
14-09-2023,Koramangala,Sony World Junction,57812,22.68485206,1.5,100.0,100.0,4,165.624,44.04709769,79.91244136,86.5370428,96,Clear,No
15-09-2023,Koramangala,Sony World Junction,15312,55.2857789,1.130541661,44.10437825,78.95050812,1,80.624,78.80071153,64.48454271,63.22936049,95,Clear,No
16-09-2023,Koramangala,Sony World Junction,64609,44.85248272,1.5,100.0,100.0,2,179.218,58.41349957,92.19727564,98.40285466,112,Clear,No
17-09-2023,Koramangala,Sony World Junction,14004,23.6571766,1.335555354,40.57328022,65.67268319,1,78.008,58.35812862,63.66153489,83.62561003,197,Clear,Yes
18-09-2023,Koramangala,Sony World Junction,44934,32.94465814,1.5,100.0,100.0,1,139.868,61.13259675,88.18163354,69.334753,88,Clear,No
20-09-2023,Koramangala,Sony World Junction,60867,31.31233434,1.5,100.0,100.0,4,171.734,28.90689438,64.60707143,53.08008124,85,Clear,No
22-09-2023,Koramangala,Sony World Junction,43484,20.0,1.5,100.0,100.0,2,136.968,33.00123401,68.7794236,93.25228598,86,Rain,No
23-09-2023,Koramangala,Sony World Junction,49533,57.26154755,1.5,100.0,100.0,5,149.066,78.98308744,99.78180299,80.43651936,96,Rain,No
24-09-2023,Koramangala,Sony World Junction,15571,54.50961495,1.102447599,47.27347924,77.77729044,1,81.142,21.64145258,66.69304578,84.85803676,94,Rain,Yes
25-09-2023,Koramangala,Sony World Junction,30037,30.11634622,1.5,100.0,100.0,2,110.074,51.77061442,69.66871464,53.32831395,91,Clear,No
27-09-2023,Koramangala,Sony World Junction,46333,33.17976484,1.5,100.0,100.0,4,142.666,67.34298455,60.13340773,74.11955684,95,Clear,No
28-09-2023,Koramangala,Sony World Junction,65056,50.28771407,1.5,100.0,100.0,2,180.112,27.40420354,73.1548758,91.00704412,78,Fog,No
29-09-2023,Koramangala,Sony World Junction,32396,36.95460317,1.5,99.99441974,100.0,1,114.792,55.38127581,85.52549871,83.23067262,101,Rain,No
01-10-2023,Koramangala,Sony World Junction,59519,32.00053299,1.5,100.0,100.0,0,169.038,71.23989769,72.65632536,59.25349554,103,Clear,No
02-10-2023,Koramangala,Sony World Junction,15671,38.36632628,1.337570013,56.26739176,77.68774072,1,81.342,79.55680292,77.56720432,59.38662277,81,Overcast,No
03-10-2023,Koramangala,Sony World Junction,30575,40.10772909,1.5,100.0,100.0,1,111.15,60.46168298,84.67874878,61.61074735,118,Overcast,No
04-10-2023,Koramangala,Sony World Junction,44444,20.0,1.5,100.0,100.0,0,138.888,68.03326733,61.32305902,78.62198312,110,Rain,No
05-10-2023,Koramangala,Sony World Junction,45697,31.7404608,1.5,100.0,100.0,2,141.394,59.28897304,88.50502453,98.92190341,96,Overcast,Yes
06-10-2023,Koramangala,Sony World Junction,44007,20.0,1.5,100.0,100.0,1,138.014,38.50276221,90.81748661,83.46974275,104,Clear,No
07-10-2023,Koramangala,Sony World Junction,48103,31.45036677,1.5,100.0,100.0,2,146.206,54.27518754,74.84335329,76.71657684,93,Clear,No
09-10-2023,Koramangala,Sony World Junction,29202,24.2318043,1.5,100.0,100.0,4,108.404,29.62100972,76.73539724,92.37230495,97,Clear,No
10-10-2023,Koramangala,Sony World Junction,60222,27.78404514,1.5,100.0,100.0,0,170.444,11.31041895,92.38236844,86.98148359,113,Rain,No
11-10-2023,Koramangala,Sony World Junction,72039,29.98376094,1.5,100.0,100.0,2,194.078,61.8589745,79.32448654,77.71404138,95,Clear,No
14-10-2023,Koramangala,Sony World Junction,50866,48.86680344,1.5,100.0,100.0,2,151.732,71.32802786,62.83935894,60.05983267,100,Fog,No
15-10-2023,Koramangala,Sony World Junction,26603,35.09476736,1.5,93.80427792,100.0,1,103.206,55.38014258,61.66408793,83.31472167,90,Clear,No
16-10-2023,Koramangala,Sony World Junction,42253,20.0,1.5,100.0,100.0,1,134.506,79.37041176,61.13837596,93.41350399,116,Fog,No
18-10-2023,Koramangala,Sony World Junction,29765,25.33617363,1.5,100.0,100.0,2,109.53,48.59892023,73.17238997,99.65657437,103,Windy,No
19-10-2023,Koramangala,Sony World Junction,45642,24.36849847,1.5,100.0,100.0,4,141.284,64.8172472,98.47515529,73.25945928,99,Clear,No
20-10-2023,Koramangala,Sony World Junction,49197,32.47624262,1.5,100.0,100.0,0,148.394,26.16777364,62.47031768,79.71091317,91,Fog,Yes
21-10-2023,Koramangala,Sony World Junction,64536,39.05302487,1.5,100.0,100.0,7,179.072,21.36266744,66.59966035,61.02887344,97,Clear,No
23-10-2023,Koramangala,Sony World Junction,45702,35.49927734,1.5,100.0,100.0,1,141.404,39.24996789,90.76153923,56.29354893,82,Clear,No
25-10-2023,Koramangala,Sony World Junction,57040,42.56364243,1.5,100.0,100.0,1,164.08,59.7672603,80.7919397,56.88973023,93,Clear,No
27-10-2023,Koramangala,Sony World Junction,15309,47.93630292,1.301290335,56.46264737,73.68442817,0,80.618,21.19950318,85.5474978,69.86631743,91,Clear,No
28-10-2023,Koramangala,Sony World Junction,29469,26.94164121,1.5,95.62123592,100.0,4,108.938,34.79445366,85.86258679,51.67145343,100,Clear,No
29-10-2023,Koramangala,Sony World Junction,44098,38.39635535,1.5,100.0,100.0,2,138.196,32.54337836,74.50034578,98.79392734,95,Clear,No
31-10-2023,Koramangala,Sony World Junction,17680,44.62838849,1.139764718,61.5261568,84.90761922,1,85.36,60.81602327,94.11912508,61.94378078,101,Clear,Yes
01-11-2023,Koramangala,Sony World Junction,32790,29.87838072,1.5,100.0,100.0,0,115.58,22.36361742,86.44915097,77.08928374,107,Clear,No
03-11-2023,Koramangala,Sony World Junction,56429,20.0,1.5,100.0,100.0,1,162.858,11.1365722,77.1316138,99.23684224,94,Clear,No
05-11-2023,Koramangala,Sony World Junction,43420,27.07849274,1.5,100.0,100.0,4,136.84,39.5056007,78.75849467,97.38148026,95,Overcast,No
06-11-2023,Koramangala,Sony World Junction,29930,20.0,1.5,100.0,100.0,1,109.86,10.85269841,94.66773894,93.82799587,93,Clear,Yes
07-11-2023,Koramangala,Sony World Junction,44392,51.66962548,1.5,100.0,100.0,1,138.784,44.04360328,91.80220546,88.41726873,111,Rain,No
09-11-2023,Koramangala,Sony World Junction,14535,37.74249245,1.392493357,52.94910687,69.13473313,0,79.07,43.30341536,95.40257509,85.55143776,208,Rain,No
12-11-2023,Koramangala,Sony World Junction,40323,32.41501154,1.5,100.0,100.0,1,130.646,11.92976113,65.97136475,67.63120419,87,Clear,No
13-11-2023,Koramangala,Sony World Junction,41743,57.68047533,1.5,100.0,100.0,2,133.486,47.04391806,70.12112805,51.07388311,105,Rain,No
14-11-2023,Koramangala,Sony World Junction,30680,48.58534468,1.5,95.3357384,100.0,2,111.36,12.58558666,73.43896964,53.92615168,107,Overcast,No
16-11-2023,Koramangala,Sony World Junction,13671,28.53648119,1.310727162,48.73766641,72.78747431,0,77.342,77.26066928,83.58032209,96.47167377,187,Overcast,No
17-11-2023,Koramangala,Sony World Junction,61109,26.6142236,1.5,100.0,100.0,4,172.218,64.62882411,95.88819995,81.60029155,113,Overcast,No
18-11-2023,Koramangala,Sony World Junction,37536,28.28459581,1.5,100.0,100.0,3,125.072,10.89087245,73.23333743,59.26394636,106,Windy,No
19-11-2023,Koramangala,Sony World Junction,15492,47.82574066,1.125309127,58.42836289,78.3495474,0,80.984,66.85616803,91.51237026,97.01648826,120,Overcast,Yes
20-11-2023,Koramangala,Sony World Junction,33258,36.26229221,1.5,100.0,100.0,2,116.516,74.57738126,60.42464895,52.06040097,94,Clear,No
21-11-2023,Koramangala,Sony World Junction,29831,42.68701256,1.5,100.0,100.0,0,109.662,48.2463902,97.44088465,76.70518096,87,Clear,No
22-11-2023,Koramangala,Sony World Junction,65484,41.18199978,1.5,100.0,100.0,0,180.968,18.87594075,96.31754302,97.52827222,92,Clear,No
23-11-2023,Koramangala,Sony World Junction,31965,24.25690988,1.5,100.0,100.0,0,113.93,73.72468447,86.97046245,82.97469094,110,Clear,No
24-11-2023,Koramangala,Sony World Junction,44066,40.63540804,1.5,100.0,100.0,1,138.132,25.04741765,69.12093696,90.13462681,104,Clear,No
25-11-2023,Koramangala,Sony World Junction,43792,20.0,1.5,100.0,100.0,1,137.584,76.69734444,82.84060961,63.7340811,104,Fog,No
26-11-2023,Koramangala,Sony World Junction,47097,39.62777073,1.5,100.0,100.0,4,144.194,53.61068717,61.02207153,72.44707659,95,Overcast,No
27-11-2023,Koramangala,Sony World Junction,41093,31.92174195,1.5,100.0,100.0,2,132.186,32.72618685,93.80712631,61.17050775,87,Clear,No
28-11-2023,Koramangala,Sony World Junction,33867,33.15348558,1.5,100.0,100.0,3,117.734,20.4623678,61.75873825,57.60348257,91,Clear,No
29-11-2023,Koramangala,Sony World Junction,28085,41.3793246,1.5,92.31688307,100.0,5,106.17,41.83470816,71.48780601,51.89864481,92,Rain,No
30-11-2023,Koramangala,Sony World Junction,42685,42.04207262,1.5,100.0,100.0,2,135.37,21.86166775,61.21471311,75.01058374,103,Fog,No
02-12-2023,Koramangala,Sony World Junction,32632,38.79874777,1.5,100.0,100.0,4,115.264,46.68017334,60.36872782,60.36619597,110,Clear,No
03-12-2023,Koramangala,Sony World Junction,47199,37.72658526,1.5,100.0,100.0,3,144.398,55.52376803,61.63298134,71.10911797,112,Overcast,No
04-12-2023,Koramangala,Sony World Junction,30631,36.6335748,1.5,100.0,100.0,2,111.262,41.04252179,86.73836417,53.94344756,90,Clear,Yes
05-12-2023,Koramangala,Sony World Junction,65926,45.67463654,1.5,100.0,100.0,1,181.852,20.87740297,85.73710851,63.60621179,101,Clear,No
06-12-2023,Koramangala,Sony World Junction,41796,31.30608,1.5,100.0,100.0,3,133.592,25.27853742,64.19104958,89.14200193,97,Clear,No
09-12-2023,Koramangala,Sony World Junction,43921,34.28361284,1.5,100.0,100.0,1,137.842,57.54158479,80.94197267,83.51240641,101,Clear,No
11-12-2023,Koramangala,Sony World Junction,31743,20.0,1.5,100.0,100.0,5,113.486,56.34569055,62.61639628,82.14295073,105,Overcast,No
13-12-2023,Koramangala,Sony World Junction,29265,40.24329115,1.5,99.25665982,100.0,5,108.53,71.7667405,63.04779268,54.08067455,93,Overcast,No
14-12-2023,Koramangala,Sony World Junction,13571,45.5238402,1.34841415,38.51781884,69.56394909,3,77.142,47.05693428,67.38269132,79.90327107,188,Clear,No
15-12-2023,Koramangala,Sony World Junction,47788,33.52881186,1.5,100.0,100.0,2,145.576,25.15857835,77.82049275,81.35609288,96,Clear,No
16-12-2023,Koramangala,Sony World Junction,31772,52.07985202,1.5,100.0,100.0,2,113.544,73.74906699,60.89779528,69.63244098,116,Clear,No
17-12-2023,Koramangala,Sony World Junction,57658,36.55684298,1.5,100.0,100.0,1,165.316,32.68156627,84.45316006,92.65343635,94,Clear,No
18-12-2023,Koramangala,Sony World Junction,28412,32.57846357,1.5,87.83469247,100.0,2,106.824,14.94567213,79.96073272,71.2536363,94,Clear,No
19-12-2023,Koramangala,Sony World Junction,43309,43.76173555,1.5,100.0,100.0,4,136.618,16.12721112,90.51852256,62.40908263,108,Windy,No
20-12-2023,Koramangala,Sony World Junction,15821,44.27201059,1.163422001,56.7579693,84.07558878,0,81.642,43.84154777,70.78973773,61.46285462,102,Clear,Yes
21-12-2023,Koramangala,Sony World Junction,44649,39.28108381,1.5,100.0,100.0,4,139.298,24.22348457,68.68383611,70.12087226,105,Overcast,No
24-12-2023,Koramangala,Sony World Junction,41927,32.92739142,1.5,100.0,100.0,1,133.854,19.5308576,75.69679793,81.32978294,101,Clear,No
26-12-2023,Koramangala,Sony World Junction,45054,31.61967649,1.5,100.0,100.0,0,140.108,38.0645864,97.01251649,90.09963628,79,Fog,No
27-12-2023,Koramangala,Sony World Junction,32470,50.57830879,1.5,100.0,100.0,4,114.94,67.01396123,82.9312577,84.46076306,80,Clear,No
28-12-2023,Koramangala,Sony World Junction,29051,30.58430234,1.5,89.60599587,100.0,2,108.102,19.02266521,88.02253697,57.08099517,102,Overcast,Yes
29-12-2023,Koramangala,Sony World Junction,15409,54.27843515,1.272441786,52.92825843,77.65478028,2,80.818,28.72708129,71.09332175,60.45043364,113,Clear,No
31-12-2023,Koramangala,Sony World Junction,16132,35.21838678,1.152700211,47.65553311,79.53397306,1,82.264,58.69375469,65.4256555,98.99535845,98,Clear,No
01-01-2024,Koramangala,Sony World Junction,41919,35.30358648,1.5,100.0,100.0,2,133.838,29.1520042,92.98129045,65.2866133,111,Clear,No
02-01-2024,Koramangala,Sony World Junction,44801,27.44869177,1.5,100.0,100.0,1,139.602,79.16637507,64.66155792,82.26817698,107,Rain,No
03-01-2024,Koramangala,Sony World Junction,49680,41.39610904,1.5,100.0,100.0,0,149.36,37.99740578,92.21842186,79.53985782,88,Rain,No
05-01-2024,Koramangala,Sony World Junction,58859,20.0,1.5,100.0,100.0,3,167.718,39.7743739,66.59881833,71.33164441,104,Clear,No
06-01-2024,Koramangala,Sony World Junction,46739,31.65720647,1.5,100.0,100.0,2,143.478,37.36443321,79.50543206,63.84588824,94,Fog,Yes
07-01-2024,Koramangala,Sony World Junction,29919,32.21084044,1.5,97.06576659,100.0,0,109.838,64.67780923,88.44019204,66.70946899,104,Clear,No
08-01-2024,Koramangala,Sony World Junction,58148,33.91234803,1.5,100.0,100.0,1,166.296,76.19328793,95.93029581,96.99863637,114,Fog,No
09-01-2024,Koramangala,Sony World Junction,57834,38.44958416,1.5,100.0,100.0,0,165.668,13.42862174,88.74856316,66.36499089,90,Windy,No
11-01-2024,Koramangala,Sony World Junction,30042,31.10523094,1.5,91.30361228,100.0,2,110.084,43.70868464,69.26543775,96.28290026,94,Fog,No
12-01-2024,Koramangala,Sony World Junction,44550,20.0,1.5,100.0,100.0,1,139.1,49.63557096,87.3525098,53.63258748,96,Clear,Yes
13-01-2024,Koramangala,Sony World Junction,46114,39.63633917,1.5,100.0,100.0,2,142.228,35.58679428,75.81853819,88.77882062,99,Clear,No
14-01-2024,Koramangala,Sony World Junction,33176,43.06009592,1.5,100.0,100.0,1,116.352,21.62963228,72.84985482,74.52690093,105,Fog,No
15-01-2024,Koramangala,Sony World Junction,58205,41.6673322,1.5,100.0,100.0,3,166.41,35.18870184,92.55307824,53.54197486,107,Clear,Yes
16-01-2024,Koramangala,Sony World Junction,29489,35.16763249,1.5,100.0,100.0,1,108.978,31.7047215,86.5599395,81.13231456,103,Fog,No
17-01-2024,Koramangala,Sony World Junction,30813,23.82191707,1.5,95.862606,100.0,0,111.626,14.28739472,99.89086091,69.80641889,100,Clear,No
18-01-2024,Koramangala,Sony World Junction,44227,31.8095672,1.5,100.0,100.0,2,138.454,63.14617555,63.84990155,63.44455482,102,Fog,No
19-01-2024,Koramangala,Sony World Junction,31729,45.39882093,1.5,100.0,100.0,2,113.458,23.84106102,66.36072786,69.25921992,115,Clear,No
20-01-2024,Koramangala,Sony World Junction,52464,40.2170555,1.5,100.0,100.0,1,154.928,47.10271577,85.5139492,52.52122479,95,Fog,No
21-01-2024,Koramangala,Sony World Junction,56184,30.66793655,1.5,100.0,100.0,1,162.368,53.2119031,63.76725436,73.60170457,105,Fog,No
22-01-2024,Koramangala,Sony World Junction,66286,26.96297125,1.5,100.0,100.0,1,182.572,63.46833245,82.69437426,75.71120602,101,Clear,No
23-01-2024,Koramangala,Sony World Junction,32338,25.97458274,1.5,100.0,100.0,2,114.676,16.16988168,66.73636122,85.35698854,91,Clear,No
26-01-2024,Koramangala,Sony World Junction,32524,37.59853734,1.5,100.0,100.0,1,115.048,46.38645636,64.57138646,85.62379013,115,Clear,Yes
27-01-2024,Koramangala,Sony World Junction,33493,27.95846834,1.5,100.0,100.0,4,116.986,46.82521121,87.98978564,63.80730336,93,Clear,No
28-01-2024,Koramangala,Sony World Junction,14062,53.20689452,1.388260195,52.94560599,71.57113096,1,78.124,57.90905078,72.56344653,75.31690826,192,Clear,No
29-01-2024,Koramangala,Sony World Junction,58966,29.22549743,1.5,100.0,100.0,1,167.932,59.32853033,97.96367726,79.51155081,121,Clear,No
30-01-2024,Koramangala,Sony World Junction,42378,41.25774278,1.5,100.0,100.0,1,134.756,41.58721046,72.07839337,82.95678884,110,Clear,No
01-02-2024,Koramangala,Sony World Junction,51665,22.3097507,1.5,100.0,100.0,3,153.33,11.95066591,91.34589448,53.13247182,93,Clear,Yes
02-02-2024,Koramangala,Sony World Junction,27426,28.06795558,1.5,89.52980594,100.0,4,104.852,46.02837611,95.07805289,70.93317876,92,Overcast,No
03-02-2024,Koramangala,Sony World Junction,61293,49.35793416,1.5,100.0,100.0,0,172.586,47.92375428,87.97602689,96.05937856,107,Clear,No
05-02-2024,Koramangala,Sony World Junction,34578,28.65449375,1.5,100.0,100.0,3,119.156,62.14989072,86.14167716,74.42884741,91,Clear,No
06-02-2024,Koramangala,Sony World Junction,41277,44.80305996,1.5,100.0,100.0,1,132.554,78.51012745,75.1294236,84.32893054,115,Clear,No
07-02-2024,Koramangala,Sony World Junction,53038,25.5878653,1.5,100.0,100.0,2,156.076,20.60411522,77.29434783,64.45924334,100,Clear,No
08-02-2024,Koramangala,Sony World Junction,41778,41.0445251,1.5,100.0,100.0,1,133.556,43.79905191,87.8569924,50.02041106,97,Clear,No
09-02-2024,Koramangala,Sony World Junction,43334,48.31586673,1.5,100.0,100.0,4,136.668,68.68059039,64.79869822,75.02046495,115,Windy,No
10-02-2024,Koramangala,Sony World Junction,42862,31.98416639,1.5,100.0,100.0,1,135.724,13.371332,82.91261017,56.90585036,96,Clear,No
11-02-2024,Koramangala,Sony World Junction,30973,35.51533823,1.5,100.0,100.0,3,111.946,62.19535879,93.73792658,94.35033504,107,Fog,No
12-02-2024,Koramangala,Sony World Junction,64251,35.61566774,1.5,100.0,100.0,1,178.502,70.60941767,86.29113376,57.41883428,94,Clear,No
13-02-2024,Koramangala,Sony World Junction,14445,46.23104035,1.088282544,45.11623725,73.68003492,0,78.89,19.13859015,79.85699937,87.54160406,195,Overcast,No
14-02-2024,Koramangala,Sony World Junction,16295,30.75833806,1.310407275,59.54950316,81.58070509,0,82.59,51.69504186,62.05086332,71.25273919,105,Rain,No
15-02-2024,Koramangala,Sony World Junction,30173,33.39926055,1.5,94.46218282,100.0,0,110.346,58.19924724,80.71961834,63.24088447,109,Clear,Yes
16-02-2024,Koramangala,Sony World Junction,42536,28.69180803,1.5,100.0,100.0,3,135.072,42.77261991,68.59220904,99.5720556,109,Windy,No
17-02-2024,Koramangala,Sony World Junction,30875,40.24836894,1.5,99.7748745,100.0,4,111.75,72.74189995,86.43192342,91.80102952,82,Overcast,Yes
18-02-2024,Koramangala,Sony World Junction,45961,41.02908699,1.5,100.0,100.0,2,141.922,62.66203696,98.81471109,88.45749693,95,Fog,No
19-02-2024,Koramangala,Sony World Junction,44907,40.24633083,1.5,100.0,100.0,2,139.814,60.66782512,89.86310922,67.76099255,104,Clear,No
20-02-2024,Koramangala,Sony World Junction,42726,20.0,1.5,100.0,100.0,3,135.452,27.60173282,98.60648685,94.8554041,103,Clear,Yes
21-02-2024,Koramangala,Sony World Junction,62906,31.01142138,1.5,100.0,100.0,1,175.812,59.31558892,62.15066564,82.50845764,94,Rain,No
23-02-2024,Koramangala,Sony World Junction,49412,44.10774661,1.5,100.0,100.0,0,148.824,77.06453164,87.09707383,59.88941557,97,Fog,No
24-02-2024,Koramangala,Sony World Junction,26571,38.48733874,1.5,78.96183367,100.0,4,103.142,42.66052585,60.84986086,98.48701646,105,Windy,No
25-02-2024,Koramangala,Sony World Junction,28203,36.28497678,1.5,100.0,100.0,2,106.406,78.09186958,80.78515346,62.27755139,91,Clear,No
26-02-2024,Koramangala,Sony World Junction,60021,37.60891517,1.5,100.0,100.0,1,170.042,44.25482227,86.49807368,72.16726485,102,Clear,No
03-03-2024,Koramangala,Sony World Junction,43191,40.44088104,1.5,100.0,100.0,3,136.382,48.73850428,99.06865291,83.85521297,98,Clear,No
04-03-2024,Koramangala,Sony World Junction,61087,31.13839505,1.5,100.0,100.0,2,172.174,56.10482619,94.46499962,70.78124529,93,Rain,No
05-03-2024,Koramangala,Sony World Junction,45757,58.62851127,1.5,100.0,100.0,1,141.514,78.77019246,98.90919291,63.33370604,98,Overcast,Yes
09-03-2024,Koramangala,Sony World Junction,31541,29.62992415,1.5,100.0,100.0,4,113.082,73.5242952,99.11263011,50.54358581,113,Overcast,No
10-03-2024,Koramangala,Sony World Junction,51194,36.58772077,1.5,100.0,100.0,4,152.388,60.763294,76.56930264,66.64618284,115,Clear,No
12-03-2024,Koramangala,Sony World Junction,30620,42.07429306,1.5,100.0,100.0,1,111.24,67.76895581,68.69408479,83.50479945,95,Clear,No
13-03-2024,Koramangala,Sony World Junction,55641,21.69661115,1.5,100.0,100.0,3,161.282,62.40107008,70.90524038,66.46262326,90,Clear,No
14-03-2024,Koramangala,Sony World Junction,30235,37.35647755,1.5,96.44150185,100.0,3,110.47,69.56047032,88.28520515,85.97158402,93,Clear,No
15-03-2024,Koramangala,Sony World Junction,29108,41.97764379,1.5,98.89873995,100.0,0,108.216,22.09288205,87.47437174,81.84063599,107,Rain,No
18-03-2024,Koramangala,Sony World Junction,54627,43.53891085,1.5,100.0,100.0,4,159.254,13.74215384,93.09725905,64.60037003,94,Clear,No
19-03-2024,Koramangala,Sony World Junction,14314,46.10332471,1.004910023,46.0641076,67.1780042,1,78.628,49.35750491,81.13159893,78.08109925,182,Rain,No
20-03-2024,Koramangala,Sony World Junction,61403,40.19031221,1.5,100.0,100.0,0,172.806,59.59063991,91.13994093,82.60450859,102,Clear,No
21-03-2024,Koramangala,Sony World Junction,30781,29.34265249,1.5,94.82000435,100.0,5,111.562,31.34448499,79.48578995,55.95020321,112,Clear,No
23-03-2024,Koramangala,Sony World Junction,47034,22.39699715,1.5,100.0,100.0,2,144.068,13.95001731,81.38237454,96.0741937,90,Overcast,No
24-03-2024,Koramangala,Sony World Junction,48654,34.78656548,1.5,100.0,100.0,1,147.308,59.29443779,80.10735557,69.81516135,111,Clear,No
25-03-2024,Koramangala,Sony World Junction,60483,35.98311322,1.5,100.0,100.0,4,170.966,14.05182132,89.4315262,75.47534758,120,Clear,No
26-03-2024,Koramangala,Sony World Junction,29057,35.48999815,1.5,97.03052036,100.0,3,108.114,51.81222363,64.88339921,54.03723384,107,Clear,No
28-03-2024,Koramangala,Sony World Junction,43087,25.55772133,1.5,100.0,100.0,3,136.174,19.11543444,71.20970624,90.72335762,90,Fog,No
30-03-2024,Koramangala,Sony World Junction,55658,25.49602789,1.5,100.0,100.0,3,161.316,61.92158317,93.81433716,57.65946894,108,Fog,Yes
31-03-2024,Koramangala,Sony World Junction,27863,21.10633029,1.5,95.98795496,100.0,1,105.726,15.16591698,87.33111694,54.74401222,94,Clear,No
01-04-2024,Koramangala,Sony World Junction,38044,28.28170876,1.5,100.0,100.0,3,126.088,54.11714507,91.61099515,89.76309498,86,Overcast,Yes
02-04-2024,Koramangala,Sony World Junction,45210,20.79958639,1.5,100.0,100.0,3,140.42,71.46233056,65.55234214,95.85610697,103,Clear,No
05-04-2024,Koramangala,Sony World Junction,29624,44.08768576,1.5,100.0,100.0,1,109.248,78.78431902,75.28300545,63.33363297,104,Clear,No
06-04-2024,Koramangala,Sony World Junction,15406,68.6371683,1.141099591,48.04502163,79.29330875,0,80.812,78.13697772,63.82856342,54.34881267,117,Clear,Yes
07-04-2024,Koramangala,Sony World Junction,62232,32.7058437,1.5,100.0,100.0,0,174.464,38.14922808,91.10550236,64.84959395,115,Overcast,No
08-04-2024,Koramangala,Sony World Junction,14539,43.34974453,1.1680963,48.27303608,70.44161957,0,79.078,39.89449713,98.83936642,66.0947343,192,Clear,No
09-04-2024,Koramangala,Sony World Junction,28792,26.2796723,1.5,100.0,100.0,2,107.584,71.52921921,75.77447193,74.45198171,86,Windy,No
10-04-2024,Koramangala,Sony World Junction,48883,37.55958887,1.5,100.0,100.0,3,147.766,44.50110579,66.71632632,86.64131661,113,Clear,No
13-04-2024,Koramangala,Sony World Junction,59084,30.4874298,1.5,100.0,100.0,2,168.168,21.34712197,76.55277763,85.05438406,104,Clear,No
14-04-2024,Koramangala,Sony World Junction,61462,30.20056063,1.5,100.0,100.0,0,172.924,22.86367865,74.47566511,98.5169902,103,Overcast,Yes
15-04-2024,Koramangala,Sony World Junction,64229,38.46460909,1.5,100.0,100.0,2,178.458,17.53488851,73.75925803,65.04995704,109,Windy,No
16-04-2024,Koramangala,Sony World Junction,27237,33.38605713,1.5,83.96516464,100.0,3,104.474,45.01797146,94.22576243,97.45324054,77,Overcast,No
17-04-2024,Koramangala,Sony World Junction,46684,41.58983999,1.5,100.0,100.0,3,143.368,15.51189621,87.64372195,73.64780174,100,Clear,No
18-04-2024,Koramangala,Sony World Junction,48725,40.04858182,1.5,100.0,100.0,2,147.45,16.90999875,91.30594722,93.10544871,93,Rain,Yes
20-04-2024,Koramangala,Sony World Junction,15230,34.20468303,1.365912683,50.11894674,72.55779559,0,80.46,75.96617609,82.80085141,92.17871718,112,Clear,Yes
21-04-2024,Koramangala,Sony World Junction,56322,35.84547808,1.5,100.0,100.0,2,162.644,46.04734549,88.31395466,88.13330539,94,Clear,No
22-04-2024,Koramangala,Sony World Junction,42076,52.06033534,1.5,100.0,100.0,6,134.152,22.81066658,81.75091116,82.76447938,99,Clear,No
23-04-2024,Koramangala,Sony World Junction,57024,40.40156791,1.5,100.0,100.0,1,164.048,42.08954952,85.24992787,97.70226935,97,Clear,No
24-04-2024,Koramangala,Sony World Junction,58310,38.5046366,1.5,100.0,100.0,3,166.62,33.66491565,78.94465654,92.36693906,100,Clear,No
26-04-2024,Koramangala,Sony World Junction,44933,28.64584958,1.5,100.0,100.0,2,139.866,14.9681098,72.44390221,59.71841552,110,Rain,No
28-04-2024,Koramangala,Sony World Junction,45971,39.62083339,1.5,100.0,100.0,1,141.942,24.40174461,89.16029427,77.92690588,102,Clear,No
30-04-2024,Koramangala,Sony World Junction,28787,23.05383167,1.5,96.15829459,100.0,0,107.574,62.4389041,60.63557223,55.21990313,97,Clear,No
01-05-2024,Koramangala,Sony World Junction,61853,20.0,1.5,100.0,100.0,2,173.706,42.85123499,90.86567894,74.14795045,87,Fog,No
02-05-2024,Koramangala,Sony World Junction,47725,35.73493517,1.5,100.0,100.0,0,145.45,72.36138548,72.51522035,73.64416718,104,Fog,No
03-05-2024,Koramangala,Sony World Junction,48939,49.16823609,1.5,100.0,100.0,3,147.878,69.63715858,79.29646904,76.52331648,102,Clear,No
04-05-2024,Koramangala,Sony World Junction,31210,31.09668105,1.5,100.0,100.0,4,112.42,59.47467995,95.63144592,93.2566958,110,Fog,No
05-05-2024,Koramangala,Sony World Junction,27883,47.93845505,1.5,90.33297924,100.0,3,105.766,30.50195775,63.02078883,52.28469116,117,Rain,No
06-05-2024,Koramangala,Sony World Junction,44227,34.81311577,1.5,100.0,100.0,2,138.454,41.64113588,99.36889083,56.70605275,101,Clear,No
08-05-2024,Koramangala,Sony World Junction,43984,58.40021948,1.5,100.0,100.0,4,137.968,67.78549537,60.72628053,84.86101629,89,Overcast,No
11-05-2024,Koramangala,Sony World Junction,58986,40.54154395,1.5,100.0,100.0,1,167.972,38.02694269,79.27864086,69.70920069,93,Clear,No
14-05-2024,Koramangala,Sony World Junction,48638,49.57602651,1.5,100.0,100.0,2,147.276,45.51900622,68.51414855,80.49798144,95,Clear,No
15-05-2024,Koramangala,Sony World Junction,42028,33.057466,1.5,100.0,100.0,2,134.056,62.01426262,99.32420057,66.29057594,92,Clear,No
18-05-2024,Koramangala,Sony World Junction,47660,33.57682727,1.5,100.0,100.0,2,145.32,73.33254006,85.11128069,62.59567271,106,Clear,No
19-05-2024,Koramangala,Sony World Junction,45738,36.73173373,1.5,100.0,100.0,0,141.476,72.44503367,73.78716157,83.36949801,96,Rain,No
20-05-2024,Koramangala,Sony World Junction,29507,42.61952795,1.5,89.1693813,100.0,1,109.014,65.9134315,60.25382046,57.99097887,90,Clear,No
22-05-2024,Koramangala,Sony World Junction,14293,42.77721844,1.019503309,37.73391783,66.67480844,0,78.586,11.37672866,62.97624107,70.55168296,196,Rain,Yes
24-05-2024,Koramangala,Sony World Junction,33200,28.83551404,1.5,100.0,100.0,1,116.4,78.01907278,73.45067405,58.39900747,99,Windy,No
25-05-2024,Koramangala,Sony World Junction,57991,42.08862106,1.5,100.0,100.0,3,165.982,33.86439555,94.45170335,53.5192346,116,Rain,No
28-05-2024,Koramangala,Sony World Junction,29244,50.50251265,1.5,91.78926405,100.0,1,108.488,62.31256717,94.1451573,97.72088961,81,Clear,No
29-05-2024,Koramangala,Sony World Junction,43845,23.36834314,1.5,100.0,100.0,1,137.69,17.4890507,86.73246393,52.4108885,99,Overcast,No
30-05-2024,Koramangala,Sony World Junction,52761,40.23548669,1.5,100.0,100.0,2,155.522,25.25544806,78.94424872,85.54261454,90,Clear,No
01-06-2024,Koramangala,Sony World Junction,43437,37.70441638,1.5,100.0,100.0,5,136.874,34.46689596,62.58147604,68.97665959,92,Clear,No
02-06-2024,Koramangala,Sony World Junction,44945,20.0,1.5,100.0,100.0,4,139.89,26.28830413,85.40704675,56.38670483,97,Clear,No
05-06-2024,Koramangala,Sony World Junction,31226,54.70013476,1.5,97.70942925,100.0,1,112.452,53.62775475,91.6115547,68.67988125,93,Clear,No
06-06-2024,Koramangala,Sony World Junction,48499,34.41927545,1.5,100.0,100.0,4,146.998,15.14143197,62.34345946,85.75824026,109,Rain,No
07-06-2024,Koramangala,Sony World Junction,17818,54.80231293,1.173359374,68.77298424,88.30634282,0,85.636,14.12658298,61.75212861,79.12210988,117,Clear,No
08-06-2024,Koramangala,Sony World Junction,29837,39.56555445,1.5,98.95415298,100.0,1,109.674,56.59069531,74.35519137,81.5589234,108,Rain,No
09-06-2024,Koramangala,Sony World Junction,59463,35.9936581,1.5,100.0,100.0,0,168.926,78.1244202,86.63143864,93.7914214,99,Clear,No
10-06-2024,Koramangala,Sony World Junction,46937,36.39749497,1.5,100.0,100.0,2,143.874,56.28078084,89.37112757,69.56486197,93,Clear,No
11-06-2024,Koramangala,Sony World Junction,32528,21.45113907,1.5,100.0,100.0,2,115.056,67.41814506,68.80722353,69.83460265,119,Fog,No
14-06-2024,Koramangala,Sony World Junction,46018,50.47832159,1.5,100.0,100.0,1,142.036,17.45490553,63.83502612,71.99133087,94,Clear,No
15-06-2024,Koramangala,Sony World Junction,16199,48.63603233,1.25202407,49.63163084,80.16289239,1,82.398,42.08801288,60.21380606,77.96019813,98,Fog,No
17-06-2024,Koramangala,Sony World Junction,28040,20.0,1.5,92.89071452,100.0,3,106.08,42.45247888,97.67629473,66.29600728,87,Clear,No
20-06-2024,Koramangala,Sony World Junction,28750,28.07120901,1.5,100.0,100.0,3,107.5,66.63022965,92.23137587,53.58871038,105,Fog,No
21-06-2024,Koramangala,Sony World Junction,16604,43.97027121,1.367406539,58.637075,86.40714445,1,83.208,78.89178709,62.25788491,63.69702553,108,Clear,No
23-06-2024,Koramangala,Sony World Junction,57513,28.14166999,1.5,100.0,100.0,3,165.026,36.93370401,80.68321562,73.76149745,108,Clear,Yes
24-06-2024,Koramangala,Sony World Junction,44268,20.0,1.5,100.0,100.0,5,138.536,13.33185847,73.41498143,54.80057944,107,Clear,No
26-06-2024,Koramangala,Sony World Junction,29762,29.45194594,1.5,100.0,100.0,7,109.524,68.02659002,60.91863374,95.08587854,92,Overcast,No
28-06-2024,Koramangala,Sony World Junction,15703,23.65142111,1.330597817,56.52723686,75.51005823,0,81.406,16.88285762,95.09160811,50.18600251,93,Clear,No
29-06-2024,Koramangala,Sony World Junction,45797,31.59945017,1.5,100.0,100.0,3,141.594,62.73930457,76.02990033,60.82265832,99,Overcast,No
30-06-2024,Koramangala,Sony World Junction,42430,22.55663421,1.5,100.0,100.0,2,134.86,15.27183798,63.90041982,79.80836803,98,Clear,No
01-07-2024,Koramangala,Sony World Junction,27245,33.64553458,1.5,97.30897657,100.0,0,104.49,14.29119763,73.37854386,92.46326719,98,Clear,No
02-07-2024,Koramangala,Sony World Junction,47736,23.0045854,1.5,100.0,100.0,2,145.472,62.56097422,70.14475379,82.91550641,96,Overcast,No
07-07-2024,Koramangala,Sony World Junction,55191,47.70718774,1.5,100.0,100.0,2,160.382,51.4991528,83.81414374,98.34398845,109,Rain,No
08-07-2024,Koramangala,Sony World Junction,47853,26.15370081,1.5,100.0,100.0,1,145.706,79.64707863,73.33137147,84.87305322,83,Clear,No
09-07-2024,Koramangala,Sony World Junction,47292,41.04474136,1.5,100.0,100.0,1,144.584,23.30708606,94.2792858,91.73624535,101,Clear,Yes
10-07-2024,Koramangala,Sony World Junction,15010,46.18199939,1.155023358,46.81818558,74.63355773,0,80.02,75.08686495,97.38178659,98.20521216,116,Clear,No
11-07-2024,Koramangala,Sony World Junction,42823,23.53591686,1.5,100.0,100.0,4,135.646,40.42265224,88.3250221,72.57708568,91,Fog,No
13-07-2024,Koramangala,Sony World Junction,41595,34.35855864,1.5,100.0,100.0,0,133.19,66.06249855,88.95632066,62.8010719,92,Overcast,No
14-07-2024,Koramangala,Sony World Junction,49124,37.73438948,1.5,100.0,100.0,0,148.248,59.40948937,91.71060689,55.43452587,114,Clear,Yes
16-07-2024,Koramangala,Sony World Junction,59437,41.49448843,1.5,100.0,100.0,4,168.874,71.39708839,86.76773799,58.66177635,88,Clear,No
17-07-2024,Koramangala,Sony World Junction,50908,42.42683238,1.5,100.0,100.0,4,151.816,58.48701379,65.85519866,99.55625736,114,Clear,No
19-07-2024,Koramangala,Sony World Junction,45745,39.7856376,1.5,100.0,100.0,2,141.49,23.02439227,82.85397391,54.27898506,92,Clear,No
23-07-2024,Koramangala,Sony World Junction,31333,44.9109878,1.5,100.0,100.0,1,112.666,56.0510814,89.95799076,64.51178257,108,Overcast,No
24-07-2024,Koramangala,Sony World Junction,40158,48.87540059,1.5,100.0,100.0,3,130.316,15.24135806,71.54662286,65.25228133,107,Clear,No
25-07-2024,Koramangala,Sony World Junction,42046,42.88149704,1.5,100.0,100.0,1,134.092,34.43416552,99.58869804,87.32127538,110,Overcast,No
26-07-2024,Koramangala,Sony World Junction,15363,56.92082313,1.107018331,60.97051004,77.35198839,2,80.726,15.36116959,99.49664501,64.41884825,105,Clear,No
27-07-2024,Koramangala,Sony World Junction,47150,24.69973259,1.5,100.0,100.0,1,144.3,72.52148906,60.4934263,65.74084514,107,Clear,No
28-07-2024,Koramangala,Sony World Junction,47403,36.73908305,1.5,100.0,100.0,3,144.806,70.9244446,69.8276443,73.78325177,102,Clear,No
29-07-2024,Koramangala,Sony World Junction,47602,47.32889361,1.5,100.0,100.0,2,145.204,60.45749189,72.75238743,69.54834857,131,Clear,No
31-07-2024,Koramangala,Sony World Junction,44374,44.04935317,1.5,100.0,100.0,4,138.748,19.64841181,61.00018059,70.91189994,101,Windy,No
01-08-2024,Koramangala,Sony World Junction,46495,35.49941392,1.5,100.0,100.0,2,142.99,14.92261799,62.16064,68.4066506,92,Overcast,No
02-08-2024,Koramangala,Sony World Junction,50361,35.68013641,1.5,100.0,100.0,4,150.722,46.298305,87.29170405,55.96355873,99,Clear,No
03-08-2024,Koramangala,Sony World Junction,43258,35.41136807,1.5,100.0,100.0,1,136.516,45.53522351,77.38007345,73.63357367,102,Windy,No
04-08-2024,Koramangala,Sony World Junction,57795,27.82949036,1.5,100.0,100.0,1,165.59,65.17550801,88.51057632,93.66487154,102,Fog,No
06-08-2024,Koramangala,Sony World Junction,69158,21.64095098,1.5,100.0,100.0,3,188.316,38.52249312,99.53997053,55.33799191,92,Clear,No
07-08-2024,Koramangala,Sony World Junction,29731,34.67376638,1.5,100.0,100.0,3,109.462,10.19488624,78.54819779,75.49695065,107,Clear,No
08-08-2024,Koramangala,Sony World Junction,24579,61.12027884,1.298334338,73.32146549,100.0,1,99.158,16.83689503,89.70580679,85.19760332,93,Clear,No
09-08-2024,Koramangala,Sony World Junction,27673,20.0,1.5,93.96903142,100.0,0,105.346,57.72651958,88.79591654,83.96588875,96,Overcast,Yes
