step,system_total_stopped,system_total_waiting_time,system_mean_waiting_time,system_mean_speed,cluster_11187974841_11245328371_11245328374_11494414328_#8more_stopped,cluster_11187974841_11245328371_11245328374_11494414328_#8more_accumulated_waiting_time,cluster_11187974841_11245328371_11245328374_11494414328_#8more_average_speed,agents_total_stopped,agents_total_accumulated_waiting_time
0.0,0,0.0,0.0,0.0,0,0.0,1.0,0,0.0
5.0,1,0.0,0.0,6.635308627557242,0,0.0,0.5944082236764,0,0.0
10.0,1,0.0,0.0,11.48845943583577,1,0.0,0.3869636336270648,1,0.0
15.0,0,0.0,0.0,12.659318172625822,0,0.0,0.5174675599601142,0,0.0
20.0,1,3.0,0.2,12.183865310620229,1,3.0,0.25349769243753223,1,3.0
25.0,1,2.0,0.10526315789473684,12.842104074816616,1,2.0,0.2456351543206498,1,2.0
30.0,2,10.0,0.5555555555555556,13.179382435086792,2,10.0,0.12089297544072411,2,10.0
35.0,2,1.0,0.043478260869565216,10.662390757108048,1,1.0,0.1802237372852545,1,1.0
40.0,4,6.0,0.23076923076923078,11.014184746763002,2,5.0,0.2596342714692008,2,5.0
45.0,3,14.0,0.5185185185185185,12.753921078183442,2,13.0,0.39158727724895653,2,13.0
50.0,0,0.0,0.0,15.032717178608548,0,0.0,0.5053866794917543,0,0.0
55.0,2,5.0,0.15625,15.532016196203854,2,5.0,0.48848076811083424,2,5.0
60.0,1,0.0,0.0,14.678567492301726,0,1.0,0.5099201982943815,0,1.0
65.0,2,5.0,0.15151515151515152,14.334394923826693,1,0.0,0.5068052682712493,1,0.0
70.0,1,5.0,0.14705882352941177,14.805244474436272,1,5.0,0.5208229741728665,1,5.0
75.0,1,0.0,0.0,12.530288917178522,1,0.0,0.3686811162405425,1,0.0
80.0,4,9.0,0.23684210526315788,11.491798501691346,4,11.0,0.285398814433031,4,11.0
85.0,2,1.0,0.02564102564102564,12.075982753258739,0,6.0,0.28983613459404034,0,6.0
90.0,6,18.0,0.42857142857142855,11.278358920267623,3,11.0,0.21130187998578434,3,11.0
95.0,5,24.0,0.5581395348837209,12.0358266805467,4,27.0,0.19450620930871915,4,27.0
100.0,4,10.0,0.23809523809523808,12.29506803399352,3,22.0,0.22374780011764173,3,22.0
105.0,5,13.0,0.3023255813953488,12.975636762834917,5,27.0,0.25202614747619484,5,27.0
110.0,7,42.0,0.9333333333333333,13.24035748105019,7,57.0,0.25659968285253737,7,57.0
115.0,13,94.0,2.1363636363636362,12.88867149506767,12,108.0,0.2118286755910381,12,108.0
120.0,15,150.0,3.658536585365854,9.89771098703421,13,163.0,0.12672847269774723,13,163.0
125.0,10,92.0,2.3,8.178954349929871,8,156.0,0.12484744536336416,8,156.0
130.0,11,43.0,1.0238095238095237,8.646885045075726,7,114.0,0.18199733238653001,7,114.0
135.0,11,73.0,1.5869565217391304,10.007236027449018,8,97.0,0.15930502993351678,8,97.0
140.0,5,19.0,0.40425531914893614,10.879898822916337,2,64.0,0.16797655618330695,2,64.0
145.0,9,45.0,0.8823529411764706,12.1714906424238,6,59.0,0.18954089729462353,6,59.0
150.0,9,62.0,1.2653061224489797,13.153510958784896,5,80.0,0.25934487616742585,5,80.0
155.0,4,34.0,0.7083333333333334,14.37298458906372,2,85.0,0.36824852031454025,2,85.0
160.0,7,28.0,0.5833333333333334,13.562485602477913,4,67.0,0.3175452051304322,4,67.0
165.0,5,27.0,0.5869565217391305,12.37895318066591,2,36.0,0.31955958923123323,2,36.0
170.0,12,64.0,1.3617021276595744,10.400677199256249,7,58.0,0.20969764244847672,7,58.0
175.0,17,131.0,2.7872340425531914,9.783930512090894,11,102.0,0.1811982384253279,11,102.0
180.0,19,210.0,4.2,9.504712602407162,14,155.0,0.15852987170891708,14,155.0
185.0,22,312.0,6.0,9.981501398122647,14,225.0,0.1986719094798365,14,225.0
190.0,13,161.0,3.22,11.025305802170912,7,257.0,0.2623683659212763,7,257.0
195.0,4,15.0,0.3,12.30192340233333,2,107.0,0.3506721147735837,2,107.0
200.0,3,2.0,0.04081632653061224,11.566539657958176,1,71.0,0.31918249013057215,1,71.0
205.0,7,22.0,0.43137254901960786,12.271669061076384,6,97.0,0.24752570923655245,6,97.0
210.0,13,75.0,1.4705882352941178,11.532160949513912,11,121.0,0.23522730238985662,11,121.0
215.0,9,49.0,0.9423076923076923,11.467821250451887,6,112.0,0.15939139165572366,6,112.0
220.0,10,45.0,0.9,11.713017080348477,6,92.0,0.17380513917733106,6,92.0
225.0,5,24.0,0.4897959183673469,11.985084032407093,1,97.0,0.24669686952095907,1,97.0
230.0,13,37.0,0.6981132075471698,10.827082816867634,10,115.0,0.1797480406431535,10,115.0
235.0,16,99.0,1.7678571428571428,9.90366848234197,11,170.0,0.19376925423406724,11,170.0
240.0,18,148.0,2.642857142857143,10.376497353584957,10,161.0,0.26839218650596763,10,161.0
245.0,12,86.0,1.6538461538461537,10.917381691002515,4,131.0,0.362203320754032,4,131.0
250.0,13,129.0,2.480769230769231,11.781246164435466,4,98.0,0.3979773755407937,4,98.0
255.0,12,146.0,2.7547169811320753,11.081169326498378,4,83.0,0.2820191903139963,4,83.0
260.0,18,200.0,3.508771929824561,11.125761953251192,10,111.0,0.2877108815820878,10,111.0
265.0,15,225.0,3.8793103448275863,10.967640784877998,7,84.0,0.279814205506818,7,84.0
270.0,12,258.0,4.777777777777778,10.89487248627105,4,73.0,0.3266137924898711,4,73.0
275.0,18,328.0,6.074074074074074,9.710990488731845,6,73.0,0.24534024396209816,6,73.0
280.0,16,405.0,7.788461538461538,10.364771704829021,4,87.0,0.37650766094657173,4,87.0
285.0,19,486.0,8.379310344827585,10.5726704621927,5,107.0,0.2477662724657946,5,107.0
290.0,14,444.0,7.7894736842105265,11.088335166401182,1,48.0,0.27902798687023556,1,48.0
295.0,14,463.0,8.267857142857142,10.379351675145452,3,34.0,0.24651930517409545,3,34.0
300.0,16,511.0,8.810344827586206,10.338794349733147,3,48.0,0.2637719720631698,3,48.0
305.0,17,585.0,10.446428571428571,9.873361550657222,4,73.0,0.29113605719898006,4,73.0
310.0,21,678.0,11.491525423728813,10.256848165057422,6,94.0,0.382823167600281,6,94.0
315.0,17,714.0,12.310344827586206,11.889210214961142,1,46.0,0.5467193888532864,1,46.0
320.0,15,758.0,12.847457627118644,12.671203520177658,2,11.0,0.5268252665677552,2,11.0
325.0,10,528.0,9.10344827586207,12.453097664997719,1,59.0,0.4022929698004392,1,59.0
330.0,16,190.0,3.2203389830508473,10.927463104902195,7,183.0,0.30721410954292633,7,183.0
335.0,8,35.0,0.625,10.51405056873377,0,138.0,0.33374223430216404,0,138.0
340.0,6,19.0,0.3333333333333333,10.338077821620628,4,123.0,0.2690058310818993,4,123.0
345.0,7,17.0,0.2982456140350877,9.299476139488268,3,138.0,0.22708433492682648,3,138.0
350.0,12,66.0,1.11864406779661,9.998760974322249,5,158.0,0.25254643886135725,5,158.0
355.0,13,86.0,1.4576271186440677,11.371271412415537,2,49.0,0.3260932784748638,2,49.0
360.0,17,151.0,2.6491228070175437,11.427324393412047,4,15.0,0.2930123445509306,4,15.0
365.0,18,136.0,2.4727272727272727,10.749037714519895,6,29.0,0.26519094875345084,6,29.0
370.0,14,109.0,2.056603773584906,10.08221459597847,3,28.0,0.39345783467004325,3,28.0
375.0,13,74.0,1.3454545454545455,10.208505803520405,4,160.0,0.31889986321992486,4,160.0
380.0,16,92.0,1.5862068965517242,9.34287956351088,6,39.0,0.27705037045218184,6,39.0
385.0,13,105.0,1.8421052631578947,9.085665776644136,6,200.0,0.2778735505551403,6,200.0
390.0,14,125.0,2.232142857142857,8.803756643495303,6,93.0,0.2843352806257463,6,93.0
395.0,16,149.0,2.6140350877192984,7.817295083674394,9,135.0,0.1763091228657459,9,135.0
400.0,10,52.0,0.8813559322033898,7.946096666562826,5,62.0,0.22901155999232167,5,62.0
405.0,10,23.0,0.38333333333333336,8.139234017173454,4,155.0,0.17242590984256473,4,155.0
410.0,9,22.0,0.3728813559322034,7.51071828674071,5,46.0,0.22312659757910577,5,46.0
415.0,17,76.0,1.3103448275862069,7.3041244469882844,8,76.0,0.2253961454826789,8,76.0
420.0,22,168.0,2.847457627118644,8.263584343589708,8,108.0,0.2611216036679642,8,108.0
425.0,25,288.0,4.8,8.510611111737427,8,148.0,0.3134051170923306,8,148.0
430.0,26,298.0,4.65625,8.018854010424128,3,111.0,0.33074108210563224,3,111.0
435.0,23,327.0,5.274193548387097,8.049971416596563,3,92.0,0.3351355055214671,3,92.0
440.0,28,452.0,7.661016949152542,7.839675546803493,3,73.0,0.2874309940409251,3,73.0
445.0,25,543.0,9.526315789473685,7.506933442946325,0,26.0,0.2952559392156678,0,26.0
450.0,27,580.0,9.666666666666666,7.344965665250147,4,29.0,0.12138409586855362,4,29.0
455.0,27,543.0,8.619047619047619,7.241898316735573,8,58.0,0.08391109441176565,8,58.0
460.0,28,478.0,7.134328358208955,8.110096593119117,11,221.0,0.08316014040657557,11,221.0
465.0,17,337.0,4.884057971014493,8.908348385031983,5,61.0,0.12469258749146651,5,61.0
470.0,13,223.0,3.2794117647058822,8.68753951275141,3,133.0,0.15067040714650184,3,133.0
475.0,13,130.0,2.03125,7.717135497287801,6,155.0,0.13963478907704294,6,155.0
480.0,12,84.0,1.3333333333333333,7.853475478771998,5,167.0,0.17922458909557168,5,167.0
485.0,11,63.0,1.0161290322580645,8.481093436787305,2,148.0,0.26702129805519653,2,148.0
490.0,18,130.0,2.0634920634920637,7.500531589860484,5,161.0,0.2525467042315938,5,161.0
495.0,17,176.0,2.75,6.667359962437053,3,58.0,0.24711728133250266,3,58.0
500.0,26,287.0,4.415384615384616,7.172447466658828,5,63.0,0.3437905512614722,5,63.0
505.0,27,374.0,5.420289855072464,8.27244744549378,3,57.0,0.3771299476517756,3,57.0
510.0,29,476.0,6.8,8.494203415567096,3,41.0,0.36555810932860733,3,41.0
515.0,36,634.0,8.684931506849315,8.464460033411276,7,31.0,0.2362722277808499,7,31.0
520.0,30,610.0,8.840579710144928,8.862036520212929,4,151.0,0.18642822849926355,4,151.0
525.0,28,571.0,8.921875,7.485233471127442,6,261.0,0.11428944670183212,6,261.0
530.0,23,450.0,6.923076923076923,8.326927305557485,3,132.0,0.13748014856796412,3,132.0
535.0,19,369.0,6.049180327868853,8.099124354662921,4,28.0,0.18616692316721656,4,28.0
540.0,16,273.0,4.55,7.4454940351647405,4,42.0,0.20653524606817933,4,42.0
545.0,13,185.0,3.245614035087719,7.736157136550706,3,41.0,0.3108861132828541,3,41.0
550.0,16,119.0,2.0517241379310347,8.402939028589554,4,49.0,0.38476745564156756,4,49.0
555.0,18,197.0,3.581818181818182,6.973799714205271,4,65.0,0.2733376003175039,4,65.0
560.0,19,198.0,3.3,7.397201113263874,3,21.0,0.23097809728344537,3,21.0
565.0,25,195.0,3.25,7.419247835632538,9,36.0,0.1515232422804309,9,36.0
570.0,20,152.0,2.4516129032258065,8.327825128844342,3,37.0,0.26739205367741464,3,37.0
575.0,24,165.0,2.578125,9.08145110269097,5,28.0,0.35535037249773943,5,28.0
580.0,21,178.0,2.78125,9.266396779770972,3,19.0,0.3766526190781384,3,19.0
585.0,21,223.0,3.378787878787879,9.05456988602834,4,35.0,0.36993953236669147,4,35.0
590.0,20,220.0,3.235294117647059,8.902536120916194,2,16.0,0.3677941739443933,2,16.0
595.0,20,207.0,3.1363636363636362,8.428870349727996,4,163.0,0.23648030742955353,4,163.0
600.0,21,188.0,2.9375,8.370194023087073,3,23.0,0.2618998671926059,3,23.0
605.0,24,219.0,3.532258064516129,8.173375810304753,4,42.0,0.28563627768132754,4,42.0
610.0,25,253.0,4.216666666666667,8.025769008279713,5,61.0,0.2736748830408947,5,61.0
615.0,20,211.0,3.5166666666666666,8.704373336671763,0,33.0,0.44887594417308513,0,33.0
620.0,19,170.0,2.8333333333333335,8.273896812426823,2,5.0,0.4184723465959314,2,5.0
625.0,15,96.0,1.5737704918032787,8.834841446590508,3,174.0,0.40858063711370096,3,174.0
630.0,13,76.0,1.1875,9.521908947103444,2,325.0,0.43842911615535335,2,325.0
635.0,14,82.0,1.3442622950819672,9.097577761565832,3,474.0,0.4591645957608053,3,474.0
640.0,14,104.0,1.6774193548387097,9.281404215812358,3,489.0,0.4813727098784578,3,489.0
645.0,12,74.0,1.121212121212121,9.632479070524438,2,162.0,0.40788686207440805,2,162.0
650.0,16,106.0,1.606060606060606,9.552622576432634,5,17.0,0.4227695449091589,5,17.0
655.0,19,124.0,1.7714285714285714,9.472875697442305,8,214.0,0.32137115604862876,8,214.0
660.0,18,142.0,1.9722222222222223,10.419447206552922,9,252.0,0.28487230513463774,9,252.0
665.0,14,63.0,0.8873239436619719,9.149058643290436,4,222.0,0.2926096189603264,4,222.0
670.0,10,42.0,0.5915492957746479,8.409551531873905,4,353.0,0.24305983338521575,4,353.0
675.0,9,26.0,0.37681159420289856,8.503655022717425,3,184.0,0.23165355632536178,3,184.0
680.0,12,49.0,0.7205882352941176,8.859006210471502,9,62.0,0.2355546938972893,9,62.0
685.0,14,100.0,1.4492753623188406,8.391078684602268,12,252.0,0.2260715217254783,12,252.0
690.0,18,180.0,2.5,8.887817654651732,13,313.0,0.2830386896679783,13,313.0
695.0,12,122.0,1.7183098591549295,8.938693032223917,6,294.0,0.33211536554735827,6,294.0
700.0,8,36.0,0.5070422535211268,9.015917562610339,2,233.0,0.3882708705567052,2,233.0
705.0,11,58.0,0.8169014084507042,9.85793117161002,3,219.0,0.3856587580153795,3,219.0
710.0,13,60.0,0.821917808219178,8.824020955182405,4,256.0,0.31070792789569557,4,256.0
715.0,16,61.0,0.8133333333333334,8.00918647894785,8,278.0,0.2582107206555316,8,278.0
720.0,21,109.0,1.472972972972973,8.46557436698378,14,331.0,0.21700783779234226,14,331.0
725.0,13,53.0,0.726027397260274,7.981487649152896,7,350.0,0.23513926087109616,7,350.0
730.0,22,67.0,0.9178082191780822,7.4170877648782545,12,370.0,0.26454709999495263,12,370.0
735.0,25,142.0,1.9189189189189189,7.227047447092938,12,357.0,0.27533978165930934,12,357.0
740.0,19,143.0,2.0140845070422535,6.2310804446211305,8,292.0,0.2453955554233614,8,292.0
745.0,19,193.0,2.5733333333333333,6.5095989949646835,8,316.0,0.25900952794581855,8,316.0
750.0,17,159.0,2.1780821917808217,6.785479585830591,2,271.0,0.2571471314747736,2,271.0
755.0,21,145.0,1.8831168831168832,6.978982341768731,5,100.0,0.11495351436464454,5,100.0
760.0,28,190.0,2.6027397260273974,6.781982594263863,14,154.0,0.08236498416029461,14,154.0
765.0,31,273.0,3.689189189189189,7.80095046741912,17,353.0,0.09961518509678935,17,353.0
770.0,23,200.0,2.6315789473684212,8.98901352517782,9,484.0,0.1621328279957806,9,484.0
775.0,15,107.0,1.5285714285714285,9.171153762350023,2,253.0,0.2700065682972537,2,253.0
780.0,14,115.0,1.7164179104477613,8.657458323766882,2,177.0,0.27896848421384407,2,177.0
785.0,15,99.0,1.4776119402985075,8.175451999891573,4,72.0,0.2426411732553234,4,72.0
790.0,20,159.0,2.338235294117647,8.628702047140699,5,66.0,0.2971554572623273,5,66.0
795.0,19,137.0,1.9295774647887325,8.624486502561743,4,197.0,0.29207058241298534,4,197.0
800.0,14,110.0,1.5492957746478873,9.343316311336507,2,160.0,0.3674138419428523,2,160.0
805.0,13,110.0,1.6417910447761195,9.300093668008053,3,130.0,0.40516444290465475,3,130.0
810.0,15,73.0,1.0579710144927537,9.157993368905537,3,14.0,0.2983766087052732,3,14.0
815.0,16,91.0,1.378787878787879,9.246491253209834,8,46.0,0.2226390702487679,8,46.0
820.0,11,50.0,0.7692307692307693,9.406156340166115,3,56.0,0.2676767219199543,3,56.0
825.0,11,50.0,0.7692307692307693,9.298187430482859,3,46.0,0.2812705436204942,3,46.0
830.0,14,84.0,1.2727272727272727,8.383349424255226,3,20.0,0.2467483715074787,3,20.0
835.0,22,161.0,2.3676470588235294,7.2990481745191955,6,31.0,0.19097074677698656,6,31.0
840.0,22,238.0,3.5,7.410233205601301,4,49.0,0.16467869290309906,4,49.0
845.0,26,341.0,4.871428571428571,7.609489838638638,5,36.0,0.17984115017148827,5,36.0
850.0,30,480.0,6.857142857142857,8.489773219935623,4,55.0,0.23499914202330366,4,55.0
855.0,32,632.0,8.901408450704226,9.019787372980081,4,64.0,0.29093544312373115,4,64.0
860.0,30,700.0,9.859154929577464,8.733900570397138,2,40.0,0.39930959335543864,2,40.0
865.0,35,853.0,12.36231884057971,8.96300053403576,6,21.0,0.44068877503948345,6,21.0
870.0,35,1020.0,15.0,8.242635284241445,8,53.0,0.36794379239441166,8,53.0
875.0,36,1197.0,16.397260273972602,7.749270127602027,9,95.0,0.31887960679302096,9,95.0
880.0,35,1081.0,14.413333333333334,7.481596631291206,11,290.0,0.2725998695605886,11,290.0
885.0,27,894.0,12.956521739130435,6.853720994345714,7,404.0,0.25980657387261225,7,404.0
890.0,24,686.0,10.393939393939394,6.811130611875885,6,462.0,0.24748201338963677,6,462.0
895.0,22,548.0,8.303030303030303,7.221844743465217,10,448.0,0.26594109028114704,10,448.0
900.0,21,374.0,5.666666666666667,7.027047715394548,9,470.0,0.21370802405109332,9,470.0
905.0,21,305.0,4.552238805970149,8.116883166677459,11,514.0,0.25674294648546664,11,514.0
910.0,22,293.0,4.3088235294117645,7.812199499192153,10,536.0,0.271808976265572,10,536.0
915.0,21,217.0,3.1,7.602931503904907,5,352.0,0.32334703667933834,5,352.0
920.0,23,282.0,3.863013698630137,7.6942737135321435,4,78.0,0.3558761808125634,4,78.0
925.0,31,386.0,5.012987012987013,7.48575556049047,7,91.0,0.323852336811892,7,91.0
930.0,35,546.0,7.0,7.424190860634106,6,105.0,0.3189579337646764,6,105.0
935.0,36,663.0,8.185185185185185,7.944364975725801,4,72.0,0.2937834658598603,4,72.0
940.0,41,846.0,10.317073170731707,8.4999458422667,10,101.0,0.25804690248168166,10,101.0
945.0,40,949.0,11.573170731707316,8.565343440948967,9,133.0,0.25319103440981555,9,133.0
950.0,42,1104.0,13.463414634146341,7.565885470568654,10,155.0,0.18371537104736443,10,155.0
955.0,41,1289.0,16.31645569620253,6.700268521654804,10,184.0,0.17102544946955667,10,184.0
960.0,43,1481.0,18.5125,6.09674109872933,11,212.0,0.17924638444026342,11,212.0
965.0,45,1701.0,21.531645569620252,6.422905724486259,11,246.0,0.27677436709912495,11,246.0
970.0,45,1879.0,23.78481012658228,7.155495108977049,12,290.0,0.3237738036616471,12,290.0
975.0,41,1990.0,25.844155844155843,8.432701783036869,8,163.0,0.4049411710690784,8,163.0
980.0,37,1954.0,24.123456790123456,8.407379136937747,6,141.0,0.3506202508670253,6,141.0
985.0,36,1773.0,21.36144578313253,9.204602975301558,8,159.0,0.3265091565569192,8,159.0
990.0,30,1468.0,17.902439024390244,8.691801080432782,9,352.0,0.206681874595585,9,352.0
995.0,18,1159.0,13.797619047619047,9.055743018049027,2,523.0,0.22091876677215297,2,523.0
1000.0,23,931.0,12.090909090909092,8.040248291511078,6,721.0,0.2263947544633464,6,721.0
1005.0,27,723.0,9.513157894736842,8.10031492288012,11,762.0,0.7452467088004809,11,762.0
1010.0,16,386.0,5.287671232876712,8.535555907574123,5,353.0,0.4221641395940463,5,353.0
1015.0,16,186.0,2.657142857142857,8.279059395438383,3,123.0,0.4907897962655688,3,123.0
1020.0,15,151.0,2.1267605633802815,6.95346994285713,1,105.0,0.4758526405694947,1,105.0
1025.0,20,156.0,2.260869565217391,6.214849450640116,7,321.0,0.3979858496866274,7,321.0
1030.0,17,124.0,1.7714285714285714,5.017532695725849,3,291.0,0.5954199264622917,3,291.0
1035.0,20,122.0,1.6944444444444444,5.2284800589608205,2,28.0,0.6209359231641108,2,28.0
1040.0,22,147.0,2.0136986301369864,4.717075023058356,2,18.0,0.5690223120771736,2,18.0
1045.0,25,209.0,2.6125,5.183320830252766,5,21.0,0.5479911391720735,5,21.0
1050.0,26,282.0,3.4390243902439024,5.214086741017643,6,48.0,0.5696072561319747,6,48.0
1055.0,27,376.0,4.372093023255814,4.9367876106012964,6,76.0,0.6100867482425194,6,76.0
1060.0,31,515.0,5.722222222222222,5.073684325382884,7,113.0,0.5924868842901633,7,113.0
1065.0,27,370.0,4.111111111111111,5.426179025340629,4,323.0,0.5878892211120041,4,323.0
1070.0,25,331.0,3.5591397849462365,6.037239399051645,5,287.0,0.6542804009301986,5,287.0
1075.0,24,339.0,3.606382978723404,5.836787672102502,5,288.0,0.6864580857275979,5,288.0
1080.0,22,255.0,2.6020408163265305,5.586993981305253,2,262.0,0.7772014686415879,2,262.0
1085.0,17,205.0,2.0707070707070705,5.812866247837833,2,12.0,0.6925782447543027,2,12.0
1090.0,14,82.0,0.8367346938775511,5.81696413939983,2,500.0,0.6836226952735195,2,500.0
1095.0,13,62.0,0.6262626262626263,5.744372671954036,4,515.0,0.6874548938804045,4,515.0
1100.0,15,66.0,0.6534653465346535,5.69056722357093,2,264.0,0.8131410980773134,2,264.0
1105.0,15,67.0,0.6633663366336634,5.99882008220077,2,261.0,0.8087962074174266,2,261.0
1110.0,12,47.0,0.46534653465346537,5.55609761941517,4,505.0,0.5305069806393192,4,505.0
1115.0,11,35.0,0.36082474226804123,5.730003442506726,4,519.0,0.6317689874438328,4,519.0
1120.0,7,21.0,0.21428571428571427,5.305501839515749,0,261.0,0.6349134136242913,0,261.0
1125.0,12,37.0,0.3978494623655914,5.237959031058456,5,27.0,0.6560288947141797,5,27.0
1130.0,4,5.0,0.05319148936170213,5.468672933188987,2,279.0,0.6416331640067614,2,279.0
1135.0,5,18.0,0.1875,5.77586669373727,5,520.0,0.635947403325163,5,520.0
1140.0,8,52.0,0.5416666666666666,6.044141123423127,6,550.0,0.4744729199060694,6,550.0
1145.0,5,14.0,0.14583333333333334,6.127911098391897,0,277.0,0.7307432612220937,0,277.0
1150.0,7,16.0,0.16,5.938145758448555,1,15.0,0.8589002883192458,1,15.0
1155.0,3,7.0,0.07216494845360824,5.96983805857839,2,265.0,0.5491980884171442,2,265.0
1160.0,10,40.0,0.40404040404040403,6.3017752150510224,4,285.0,0.7264351357993402,4,285.0
1165.0,8,39.0,0.3979591836734694,6.455945745404702,1,4.0,0.6731893478201089,1,4.0
1170.0,7,24.0,0.24242424242424243,6.179838878533896,3,7.0,0.6130310469248621,3,7.0
1175.0,7,17.0,0.17,5.72269354334678,1,477.0,0.6106572023613258,1,477.0
1180.0,9,23.0,0.23232323232323232,6.072045637322633,3,700.0,0.6284631567578902,3,700.0
1185.0,14,61.0,0.61,5.360965231403743,5,723.0,0.5148470386359548,5,723.0
1190.0,9,49.0,0.5212765957446809,5.693860751036191,0,241.0,0.746478916882038,0,241.0
1195.0,12,85.0,0.9042553191489362,5.285983515564086,1,10.0,0.7402044610086365,1,10.0
1200.0,12,68.0,0.723404255319149,5.453339525445789,3,17.0,0.6998358545007907,3,17.0
1205.0,13,71.0,0.7553191489361702,5.584726436974168,4,252.0,0.6848840926790645,4,252.0
1210.0,11,40.0,0.43010752688172044,5.759964429451796,1,228.0,0.7406391183742368,1,228.0
1215.0,15,71.0,0.7634408602150538,5.338246646405733,3,16.0,0.6556340694298957,3,16.0
1220.0,21,134.0,1.3814432989690721,5.092718729465216,6,38.0,0.5936214056458213,6,38.0
1225.0,17,104.0,1.0505050505050506,5.251091392321879,4,283.0,0.5863971159408583,4,283.0
1230.0,12,74.0,0.7789473684210526,5.706140866058043,4,270.0,0.7523267513779041,4,270.0
1235.0,14,56.0,0.5773195876288659,5.70703179303818,3,255.0,0.722626847164047,3,255.0
1240.0,18,96.0,0.9795918367346939,5.855336991355905,4,28.0,0.7156888076256492,4,28.0
1245.0,18,111.0,1.099009900990099,5.995807530173956,2,19.0,0.7294392979461788,2,19.0
1250.0,24,174.0,1.7575757575757576,5.457339107815975,6,26.0,0.6248796562600444,6,26.0
1255.0,24,241.0,2.4591836734693877,5.0671879267919495,6,46.0,0.5639370903944371,6,46.0
1260.0,31,377.0,3.808080808080808,4.7818882715722175,10,86.0,0.5442088573497331,10,86.0
1265.0,34,535.0,5.515463917525773,4.635165180731265,9,131.0,0.5889318658927782,9,131.0
1270.0,31,520.0,5.2,4.535858142291911,3,68.0,0.588212054513047,3,68.0
1275.0,32,659.0,6.724489795918367,4.829644477348615,4,39.0,0.5744669469404553,4,39.0
1280.0,38,802.0,8.183673469387756,4.095872418547682,8,65.0,0.47535374911056844,8,65.0
1285.0,37,977.0,10.072164948453608,4.470540640370615,7,84.0,0.46289731806796613,7,84.0
1290.0,34,1113.0,11.242424242424242,5.082180588387145,4,86.0,0.5984912959846752,4,86.0
1295.0,38,1245.0,12.575757575757576,4.736661795660027,9,73.0,0.5031603410350141,9,73.0
1300.0,33,1385.0,13.98989898989899,5.130313589913871,4,53.0,0.5672744759311328,4,53.0
1305.0,31,1383.0,13.969696969696969,5.3381342990426495,3,356.0,0.6519161984983787,3,356.0
1310.0,30,1181.0,12.051020408163266,4.9022610600765395,5,362.0,0.5359115955016813,5,362.0
1315.0,33,998.0,9.784313725490197,4.50853183310643,10,401.0,0.48245970000449134,10,401.0
1320.0,29,806.0,7.75,5.026162425508543,5,369.0,0.553431860699408,5,369.0
1325.0,30,595.0,5.721153846153846,5.3479002958171975,8,41.0,0.49102328571570886,8,41.0
1330.0,32,506.0,4.728971962616822,5.514825136082643,10,88.0,0.46258022081723255,10,88.0
1335.0,28,388.0,3.6261682242990654,5.685763016922146,9,136.0,0.5435846056303878,9,136.0
1340.0,35,521.0,4.693693693693693,5.527277386340751,11,172.0,0.48988850730369327,11,172.0
1345.0,32,504.0,4.623853211009174,4.891275658922635,7,148.0,0.5143037574664117,7,148.0
1350.0,33,468.0,4.216216216216216,5.212411936487685,6,405.0,0.555194138082465,6,405.0
1355.0,31,450.0,3.982300884955752,4.949080862754212,5,404.0,0.6333268389889526,5,404.0
1360.0,25,368.0,3.3454545454545452,5.061209509927265,1,32.0,0.6732172073596921,1,32.0
1365.0,24,334.0,3.036363636363636,5.7296122027961545,3,45.0,0.7024301215679182,3,45.0
1370.0,18,195.0,1.7256637168141593,5.6362026716529705,4,315.0,0.617344998236934,4,315.0
1375.0,15,110.0,1.0091743119266054,6.058844700608871,5,341.0,0.5941318042566588,5,341.0
1380.0,8,27.0,0.25,6.401174015183106,3,43.0,0.6583175607690926,3,43.0
1385.0,13,41.0,0.3904761904761905,6.253760826051935,5,40.0,0.6734844889977177,5,40.0
1390.0,14,42.0,0.4,6.115113777844125,3,39.0,0.6242109177654172,3,39.0
1395.0,16,83.0,0.7904761904761904,6.712956761180647,6,56.0,0.603541423847062,6,56.0
1400.0,21,168.0,1.5555555555555556,6.309622811429854,10,95.0,0.6673814647611962,10,95.0
1405.0,21,161.0,1.4770642201834863,5.762636572630163,2,90.0,0.6345945359561501,2,90.0
1410.0,28,247.0,2.225225225225225,4.997134128808982,8,94.0,0.5751703461394431,8,94.0
1415.0,29,332.0,2.990990990990991,4.5204988195913876,6,97.0,0.5485215223516469,6,97.0
1420.0,36,472.0,4.252252252252252,4.657824989569911,4,92.0,0.6337968194196564,4,92.0
1425.0,40,620.0,5.535714285714286,4.3809313683728925,7,115.0,0.5654225636075785,7,115.0
1430.0,46,801.0,7.281818181818182,4.329786317287579,9,156.0,0.5349444819085453,9,156.0
1435.0,38,860.0,7.889908256880734,4.404142340340362,4,144.0,0.5551847367744053,4,144.0
1440.0,38,1001.0,8.9375,4.515061623125082,7,147.0,0.539955043602431,7,147.0
1445.0,41,1159.0,10.348214285714286,4.770395922097921,9,172.0,0.5267608502309673,9,172.0
1450.0,39,1087.0,9.619469026548673,4.728491671304255,14,233.0,0.4598936136392537,14,233.0
1455.0,40,1037.0,9.017391304347827,4.986325346193442,15,268.0,0.5060125599363424,15,268.0
1460.0,30,825.0,7.300884955752212,5.194434737773907,6,478.0,0.5698671118984625,6,478.0
1465.0,25,642.0,5.582608695652174,5.077912167188469,4,652.0,0.6258574630743441,4,652.0
1470.0,21,469.0,4.263636363636364,5.172972251225992,7,628.0,0.6394011504208975,7,628.0
1475.0,16,256.0,2.3703703703703702,5.465469794082783,8,619.0,0.6116157375525328,8,619.0
1480.0,14,142.0,1.3148148148148149,5.545975073852921,8,594.0,0.6189471843284008,8,594.0
1485.0,21,228.0,2.150943396226415,5.3480849953342675,9,660.0,0.6628133519629139,9,660.0
1490.0,18,123.0,1.128440366972477,4.894069899478274,4,331.0,0.5650719158555467,4,331.0
1495.0,22,131.0,1.1696428571428572,5.008135541473304,7,85.0,0.581467686160791,7,85.0
1500.0,19,118.0,1.063063063063063,4.995795059206108,5,86.0,0.536475065254303,5,86.0
1505.0,18,125.0,1.1363636363636365,5.318116233278953,4,92.0,0.6419480060774471,4,92.0
1510.0,24,187.0,1.7155963302752293,5.164745636347502,4,97.0,0.6934447046487174,4,97.0
1515.0,26,183.0,1.7264150943396226,4.557323845503125,8,100.0,0.5510417513326845,8,100.0
1520.0,27,209.0,1.971698113207547,4.437140738914464,13,122.0,0.48841118424540775,13,122.0
1525.0,18,136.0,1.2830188679245282,4.740207039414162,5,353.0,0.5762577274358681,5,353.0
1530.0,20,140.0,1.320754716981132,4.928833134025415,8,543.0,0.5621756745721382,8,543.0
1535.0,16,135.0,1.2980769230769231,4.944528435808693,4,327.0,0.5760308566891436,4,327.0
1540.0,22,183.0,1.7596153846153846,4.654062464175921,6,114.0,0.5722899751988745,6,114.0
1545.0,21,216.0,2.0186915887850465,4.761926133848297,8,111.0,0.5057340498252305,8,111.0
1550.0,21,276.0,2.6037735849056602,4.928300232006469,7,111.0,0.5555326123042038,7,111.0
1555.0,26,392.0,3.663551401869159,5.014898408247205,8,127.0,0.5391472066921027,8,127.0
1560.0,27,382.0,3.5045871559633026,5.4329045450879505,7,158.0,0.5896836511585715,7,158.0
1565.0,28,423.0,3.710526315789474,5.255459731220556,5,72.0,0.589892238038821,5,72.0
1570.0,36,503.0,4.531531531531532,5.412715122543517,11,291.0,0.5054676010859072,11,291.0
1575.0,23,410.0,3.761467889908257,5.61629773433057,3,294.0,0.5884899339255649,3,294.0
1580.0,25,350.0,3.2110091743119265,5.748686188947867,6,282.0,0.6268905658024195,6,282.0
1585.0,20,297.0,2.7757009345794392,5.989957806018274,1,19.0,0.7437063409143898,1,19.0
1590.0,20,270.0,2.547169811320755,6.0115730364281275,3,26.0,0.6902138831689906,3,26.0
1595.0,16,195.0,1.8571428571428572,6.061525201873662,1,11.0,0.8166582898908897,1,11.0
1600.0,22,234.0,2.2285714285714286,6.245202283885065,3,16.0,0.8707710898221457,3,16.0
1605.0,28,330.0,3.142857142857143,5.211099108330455,6,10.0,0.5991733694886049,6,10.0
1610.0,32,467.0,4.40566037735849,5.3962193539592365,6,34.0,0.654217943046074,6,34.0
1615.0,36,635.0,5.934579439252336,5.025833533639093,9,71.0,0.5752489490874735,9,71.0
1620.0,35,685.0,6.401869158878505,4.832319030508506,7,55.0,0.576598975946182,7,55.0
1625.0,27,579.0,5.514285714285714,4.613189646877457,4,335.0,0.5770015545840217,4,335.0
1630.0,25,471.0,4.617647058823529,4.339936892672484,4,55.0,0.5979523041978758,4,55.0
1635.0,26,422.0,4.097087378640777,4.795117056147359,11,371.0,0.515689906792343,11,371.0
1640.0,21,343.0,3.43,5.122027016586697,9,937.0,0.5523345060698728,9,937.0
1645.0,12,170.0,1.683168316831683,5.610629740115364,3,922.0,0.6792042458238053,3,922.0
1650.0,10,35.0,0.36082474226804123,5.579001848812782,4,649.0,0.6380841872809674,4,649.0
1655.0,18,102.0,1.0303030303030303,5.156495039855698,10,101.0,0.5407096906657527,10,101.0
1660.0,27,221.0,2.1881188118811883,4.70184207415691,14,166.0,0.5194774627249752,14,166.0
1665.0,30,349.0,3.4215686274509802,4.655330188262222,13,232.0,0.5523102538635973,13,232.0
1670.0,27,311.0,2.961904761904762,4.579411729233561,9,228.0,0.555312373718761,9,228.0
1675.0,24,192.0,1.794392523364486,5.004287930105041,4,468.0,0.6579943746930638,4,468.0
1680.0,24,202.0,1.8198198198198199,5.240783587729618,5,434.0,0.633262679141214,5,434.0
1685.0,26,185.0,1.608695652173913,5.644014908138942,8,452.0,0.5963893879353285,8,452.0
1690.0,31,237.0,2.0256410256410255,5.814109807833119,12,184.0,0.5100195574297166,12,184.0
1695.0,19,142.0,1.2241379310344827,5.980366226548073,5,162.0,0.617083349351653,5,162.0
1700.0,22,93.0,0.7948717948717948,5.511466056258993,3,124.0,0.6618715403071949,3,124.0
1705.0,24,137.0,1.1810344827586208,5.2153095496105495,5,96.0,0.6535584217297191,5,96.0
1710.0,30,219.0,1.8717948717948718,5.074466414963672,5,115.0,0.6716089630155824,5,115.0
1715.0,37,348.0,2.9743589743589745,5.1093107055300715,3,110.0,0.7600296541601359,3,110.0
1720.0,34,450.0,3.8461538461538463,5.030937740470972,3,91.0,0.7024536098562653,3,91.0
1725.0,34,465.0,4.008620689655173,5.11041756373913,4,62.0,0.69638350733958,4,62.0
1730.0,40,604.0,5.162393162393163,5.15951293953746,8,100.0,0.5716287793656871,8,100.0
1735.0,50,824.0,6.866666666666666,4.544017526906519,13,185.0,0.45716577481256554,13,185.0
1740.0,48,1027.0,8.630252100840336,5.065271857965151,13,245.0,0.4789077165728516,13,245.0
1745.0,47,1162.0,9.847457627118644,5.189918617186672,14,270.0,0.48514103133756714,14,270.0
1750.0,38,1163.0,10.025862068965518,5.3351592227745845,8,332.0,0.495502605219551,8,332.0
1755.0,41,1277.0,11.104347826086956,5.240592655567606,7,319.0,0.5188935574903799,7,319.0
1760.0,36,1353.0,11.564102564102564,4.839926981428139,3,270.0,0.49319894540072534,3,270.0
1765.0,39,1512.0,12.923076923076923,5.219141846686668,8,239.0,0.5256784527359313,8,239.0
1770.0,43,1679.0,14.228813559322035,4.829166596923094,10,257.0,0.5055477695043128,10,257.0
1775.0,39,1541.0,13.63716814159292,4.854958556128911,10,627.0,0.4765967961886077,10,627.0
1780.0,37,1286.0,11.690909090909091,4.825482505104012,9,601.0,0.45017903239874507,9,601.0
1785.0,27,1033.0,9.223214285714286,5.223609019119089,2,573.0,0.5990584956392985,2,573.0
1790.0,25,803.0,7.435185185185185,4.996010167595249,5,151.0,0.5421906596774343,5,151.0
1795.0,28,591.0,5.472222222222222,4.993658865984211,9,162.0,0.39759977650418726,9,162.0
1800.0,24,328.0,3.1538461538461537,4.948549986570852,7,122.0,0.524257591775473,7,122.0
1805.0,21,142.0,1.4059405940594059,4.489589299600276,7,84.0,0.6412495723401663,7,84.0
1810.0,16,91.0,0.900990099009901,4.787099373333019,1,35.0,0.7793670673252038,1,35.0
1815.0,19,79.0,0.7596153846153846,5.096783428344924,6,34.0,0.587490234970655,6,34.0
1820.0,20,80.0,0.7547169811320755,5.124261711822388,4,48.0,0.4978278130787163,4,48.0
1825.0,19,88.0,0.8543689320388349,5.473538918688679,7,55.0,0.5613235733541256,7,55.0
1830.0,15,99.0,0.99,5.671400084207237,2,32.0,0.6389970237372695,2,32.0
1835.0,19,154.0,1.5555555555555556,5.911543535951886,4,53.0,0.6274789402217383,4,53.0
1840.0,28,258.0,2.606060606060606,5.539184235426451,8,88.0,0.5892418303462994,8,88.0
1845.0,32,398.0,4.189473684210526,4.903900874240625,10,134.0,0.5042931504103965,10,134.0
1850.0,40,578.0,5.8979591836734695,4.9797681584076825,11,189.0,0.6042868449152543,11,189.0
1855.0,43,782.0,7.979591836734694,4.789784003272709,12,246.0,0.5900835184904207,12,246.0
1860.0,41,849.0,8.49,4.764139792867502,7,210.0,0.6023667656098816,7,210.0
1865.0,34,842.0,8.336633663366337,4.713279614302162,3,144.0,0.5663046766944636,3,144.0
1870.0,32,979.0,9.989795918367347,4.5241127943340045,3,166.0,0.6064931162031821,3,166.0
1875.0,38,1147.0,11.47,4.420670210506105,7,183.0,0.5965290055992065,7,183.0
1880.0,38,1303.0,12.77450980392157,5.030146632576705,3,136.0,0.6854401090775148,3,136.0
1885.0,32,1428.0,14.28,5.243520092706358,1,42.0,0.7277862404301026,1,42.0
1890.0,35,1567.0,15.21359223300971,5.411349781115433,4,56.0,0.6659027501756771,4,56.0
1895.0,31,1698.0,16.647058823529413,5.922080123284745,1,21.0,0.728399220388937,1,21.0
1900.0,36,1857.0,18.57,5.773071063532464,5,63.0,0.7122057664378645,5,63.0
1905.0,32,1830.0,18.11881188118812,5.971934473669588,4,66.0,0.6292417667159813,4,66.0
1910.0,32,1555.0,15.55,5.695429371006076,10,107.0,0.5590382041118405,10,107.0
1915.0,24,1291.0,12.656862745098039,5.738180404198873,4,108.0,0.6051055916658121,4,108.0
1920.0,23,1043.0,10.43,6.034732268987586,4,95.0,0.64454186780063,4,95.0
1925.0,25,835.0,8.106796116504855,6.084058134759421,5,61.0,0.6782586173988228,5,61.0
1930.0,22,582.0,5.542857142857143,6.137886215407994,2,23.0,0.6836411272978492,2,23.0
1935.0,24,263.0,2.390909090909091,5.915304436870845,8,36.0,0.5697955518083176,8,36.0
1940.0,24,199.0,1.7927927927927927,5.985968027788169,10,583.0,0.5247868262284933,10,583.0
1945.0,21,141.0,1.247787610619469,5.908728182375973,7,564.0,0.5218620441658876,7,564.0
1950.0,19,114.0,1.0857142857142856,5.804101200779887,7,549.0,0.6003241403491747,7,549.0
1955.0,19,91.0,0.8921568627450981,5.827698449324784,3,552.0,0.6239620970291775,3,552.0
1960.0,18,85.0,0.8673469387755102,5.640099958690704,6,539.0,0.5329764297699561,6,539.0
1965.0,16,62.0,0.6526315789473685,4.967155495425854,5,562.0,0.4973786735785045,5,562.0
1970.0,19,97.0,1.065934065934066,4.7089362510198605,5,533.0,0.5125311058333176,5,533.0
1975.0,27,200.0,2.2222222222222223,3.905795097403797,8,553.0,0.47133540537552276,8,553.0
1980.0,27,244.0,2.595744680851064,4.134916242241162,5,62.0,0.4367396228708893,5,62.0
1985.0,27,353.0,3.7157894736842105,4.551094697986776,2,57.0,0.5376047208570337,2,57.0
1990.0,27,327.0,3.303030303030303,4.857579259151608,6,72.0,0.422441384105098,6,72.0
1995.0,30,361.0,3.6464646464646466,4.9798010698768,7,102.0,0.5022858063701507,7,102.0
2000.0,29,383.0,3.8686868686868685,5.078401310730686,8,129.0,0.5024675994582534,8,129.0
2005.0,31,416.0,4.078431372549019,4.975140560465988,10,169.0,0.49041963518026327,10,169.0
2010.0,28,411.0,3.9902912621359223,4.914634583869257,9,209.0,0.5022122482364358,9,209.0
2015.0,17,191.0,1.9489795918367347,4.897087921718841,1,133.0,0.6121404078143753,1,133.0
2020.0,21,174.0,1.7755102040816326,4.91283813718674,6,948.0,0.5664174175322388,6,948.0
2025.0,21,156.0,1.5757575757575757,4.970030968234074,7,1812.0,0.5885989853317186,7,1812.0
2030.0,23,188.0,1.88,4.96007822856641,7,1831.0,0.5155050217022372,7,1831.0
2035.0,25,209.0,1.971698113207547,5.2033558851887065,8,1854.0,0.5394770542630044,8,1854.0
2040.0,20,152.0,1.4205607476635513,5.138483366259687,5,1397.0,0.501863308744103,5,1397.0
2045.0,20,104.0,0.9369369369369369,5.271866561157162,10,63.0,0.4415670290721985,10,63.0
2050.0,19,113.0,1.0089285714285714,5.499635561604545,13,121.0,0.3754764504057134,13,121.0
2055.0,23,190.0,1.7757009345794392,5.555715133991256,16,172.0,0.35848651602240433,16,172.0
2060.0,19,148.0,1.3577981651376148,5.5795600335928315,9,180.0,0.46225640170258303,9,180.0
2065.0,15,77.0,0.7,5.831433183470875,2,106.0,0.5878071486575936,2,106.0
2070.0,15,105.0,0.9545454545454546,6.149983637210514,3,70.0,0.6707250090850823,3,70.0
2075.0,18,179.0,1.6574074074074074,6.005411067082504,3,54.0,0.6112147885337007,3,54.0
2080.0,25,279.0,2.607476635514019,5.555983468230736,5,51.0,0.5615121134165187,5,51.0
2085.0,29,394.0,3.6481481481481484,5.7082004937947035,5,73.0,0.529670664082599,5,73.0
2090.0,31,539.0,4.944954128440367,5.555939182947971,4,93.0,0.5864100477643372,4,93.0
2095.0,27,544.0,5.180952380952381,5.670572228569838,1,4.0,0.7394513341442576,1,4.0
2100.0,34,610.0,5.865384615384615,4.985946647817853,6,28.0,0.4566166082350088,6,28.0
2105.0,38,582.0,5.490566037735849,4.818330050205902,12,485.0,0.2831181539835192,12,485.0
2110.0,28,502.0,4.87378640776699,4.723930488914781,7,1312.0,0.2918273534261329,7,1312.0
2115.0,28,430.0,4.343434343434343,4.943352679411298,7,1310.0,0.44178952403865407,7,1310.0
2120.0,18,284.0,2.8118811881188117,5.4498478923876545,3,900.0,0.44091325987324836,3,900.0
2125.0,14,186.0,1.8058252427184467,5.592077781748549,7,86.0,0.3313209733785942,7,86.0
2130.0,14,38.0,0.37254901960784315,5.490879582203985,5,87.0,0.3135815965989034,5,87.0
2135.0,12,33.0,0.34375,5.691653800529949,4,459.0,0.5323721473483845,4,459.0
2140.0,6,12.0,0.125,5.141657937774169,3,75.0,0.4922481878181409,3,75.0
2145.0,12,37.0,0.37373737373737376,5.510932952479195,9,112.0,0.36430939023728076,9,112.0
2150.0,7,26.0,0.26,5.527333002483245,4,490.0,0.42432331131628553,4,490.0
2155.0,7,20.0,0.20202020202020202,5.57964974490248,4,474.0,0.5412379901922598,4,474.0
2160.0,17,56.0,0.5773195876288659,4.9951551934248295,8,487.0,0.3269094627491391,8,487.0
2165.0,15,90.0,0.9375,4.799641439751569,7,464.0,0.36236858530915805,7,464.0
2170.0,20,144.0,1.44,4.537276833639544,8,144.0,0.3133629489422297,8,144.0
2175.0,19,116.0,1.1372549019607843,5.002966506445337,5,802.0,0.5240706260682755,5,802.0
2180.0,17,70.0,0.7070707070707071,5.271422293187232,3,1089.0,0.616118654621781,3,1089.0
2185.0,14,64.0,0.6213592233009708,5.450624798787621,4,1136.0,0.6166403173882212,4,1136.0
2190.0,9,42.0,0.4117647058823529,5.150993543551331,1,745.0,0.6011690818145289,1,745.0
2195.0,22,105.0,1.0396039603960396,4.927499991939187,8,148.0,0.44697678557111264,8,148.0
2200.0,29,200.0,2.0,4.876977074939155,13,195.0,0.30334419506100346,13,195.0
2205.0,27,239.0,2.39,5.182314254137428,14,565.0,0.3213538441666844,14,565.0
2210.0,28,297.0,2.855769230769231,5.274887886077729,14,333.0,0.3216311827957589,14,333.0
2215.0,26,234.0,2.207547169811321,5.543109677591511,9,275.0,0.3736532610706086,9,275.0
2220.0,21,142.0,1.392156862745098,6.268499498763262,1,195.0,0.5908897956342003,1,195.0
2225.0,22,113.0,1.107843137254902,5.913908870683025,5,227.0,0.5472591858208371,5,227.0
2230.0,29,189.0,1.8,5.815513064072304,11,264.0,0.5444648618181726,11,264.0
2235.0,27,233.0,2.262135922330097,5.034666450407605,6,225.0,0.5347256336452425,6,225.0
2240.0,29,299.0,3.0202020202020203,4.979574541769891,4,146.0,0.6001980761103247,4,146.0
2245.0,33,390.0,3.75,4.37895114531073,7,127.0,0.5839390024747164,7,127.0
2250.0,36,530.0,4.907407407407407,4.331853424707384,10,216.0,0.489416005569299,10,216.0
2255.0,41,639.0,5.916666666666667,3.974399177730882,8,199.0,0.5172226545107922,8,199.0
2260.0,44,818.0,7.644859813084112,4.346574228356996,5,130.0,0.6058865384820462,5,130.0
2265.0,40,965.0,9.747474747474747,4.100018345641704,6,110.0,0.5089765146259014,6,110.0
2270.0,34,1049.0,10.284313725490197,4.234974734991281,2,101.0,0.6077737805904773,2,101.0
2275.0,33,1002.0,9.634615384615385,4.698550119891807,5,365.0,0.6197536068103952,5,365.0
2280.0,37,951.0,9.51,4.843921864865413,10,153.0,0.516085503653688,10,153.0
2285.0,34,838.0,8.215686274509803,5.152467546685527,12,402.0,0.5102588469137873,12,402.0
2290.0,35,796.0,7.881188118811881,5.051065388100945,15,468.0,0.4320820702588925,15,468.0
2295.0,32,703.0,6.892156862745098,5.4238946785077875,16,528.0,0.41139716968402595,16,528.0
2300.0,24,519.0,5.038834951456311,5.12010440400593,8,327.0,0.42716913454501504,8,327.0
2305.0,27,368.0,3.5384615384615383,5.127195807377916,9,233.0,0.48394176209956874,9,233.0
2310.0,23,248.0,2.3846153846153846,4.886465920772461,3,232.0,0.5819367084865935,3,232.0
2315.0,27,182.0,1.6851851851851851,4.810822352137696,9,307.0,0.5074699484664129,9,307.0
2320.0,31,266.0,2.509433962264151,4.479289286716778,9,350.0,0.5376996650036575,9,350.0
2325.0,36,320.0,2.9357798165137616,4.3576840372429375,10,552.0,0.515583028515136,10,552.0
2330.0,36,339.0,3.081818181818182,4.572830068564822,7,706.0,0.4981535293926409,7,706.0
2335.0,36,402.0,3.6545454545454548,4.5456570056145695,5,625.0,0.5552280126080167,5,625.0
2340.0,30,286.0,2.6481481481481484,4.7547519401504585,5,523.0,0.5619159164753286,5,523.0
2345.0,28,274.0,2.5849056603773586,4.998902472221734,5,498.0,0.6164530795600285,5,498.0
2350.0,20,175.0,1.5625,5.081516142056096,5,174.0,0.5710488373140502,5,174.0
2355.0,23,205.0,1.8141592920353982,5.331947628435627,6,187.0,0.6063601124670062,6,187.0
2360.0,28,330.0,2.7966101694915255,5.169411031997787,8,272.0,0.5095036488103317,8,272.0
2365.0,39,488.0,4.033057851239669,4.842865192508293,12,373.0,0.45626489763852673,12,373.0
2370.0,44,681.0,5.722689075630252,4.382173091525274,10,430.0,0.46415688223678264,10,430.0
2375.0,48,712.0,5.788617886178862,4.346217177109673,13,493.0,0.3587384377015875,13,493.0
2380.0,36,552.0,4.638655462184874,5.029231729766744,5,913.0,0.4829318869520877,5,913.0
2385.0,36,492.0,4.1,5.155452424102653,7,768.0,0.4336129253059184,7,768.0
2390.0,21,344.0,2.9655172413793105,5.441656078573415,1,406.0,0.5883313762982073,1,406.0
2395.0,24,304.0,2.7387387387387387,5.3521603440586905,6,306.0,0.5132339303369818,6,306.0
2400.0,19,204.0,1.871559633027523,5.135445776410917,3,328.0,0.4630432359266256,3,328.0
2405.0,29,228.0,2.150943396226415,5.003950584973928,8,269.0,0.47421737854703144,8,269.0
2410.0,26,189.0,1.8173076923076923,4.906642211735002,4,366.0,0.5980025626032078,4,366.0
2415.0,24,150.0,1.3888888888888888,4.741960945422562,8,211.0,0.5010686152355859,8,211.0
2420.0,27,192.0,1.7454545454545454,4.380608045544256,10,299.0,0.36914339204898294,10,299.0
2425.0,30,191.0,1.7685185185185186,4.292392836404589,9,241.0,0.43455504936490147,9,241.0
2430.0,25,172.0,1.6226415094339623,4.594781658553499,2,153.0,0.6016013955114606,2,153.0
2435.0,20,129.0,1.2285714285714286,4.65176990392682,4,178.0,0.6197754948279165,4,178.0
2440.0,22,162.0,1.514018691588785,4.56457637264107,8,246.0,0.39319266469921754,8,246.0
2445.0,26,191.0,1.7850467289719627,5.002152749490766,11,468.0,0.35529552826682276,11,468.0
2450.0,30,261.0,2.5096153846153846,5.075608005606842,13,363.0,0.32366791864682015,13,363.0
2455.0,30,229.0,2.201923076923077,5.661826858108782,8,601.0,0.42696991643158794,8,601.0
2460.0,22,154.0,1.4528301886792452,6.04490262843989,6,374.0,0.4767772577240801,6,374.0
2465.0,16,123.0,1.2058823529411764,6.327223191385126,5,285.0,0.595057647902809,5,285.0
2470.0,9,60.0,0.6,6.018157894845293,1,290.0,0.5214278796461059,1,290.0
2475.0,18,131.0,1.31,5.491396466279422,6,153.0,0.410279107244833,6,153.0
2480.0,30,255.0,2.5247524752475248,4.862407123417233,10,204.0,0.30861149099421936,10,204.0
2485.0,39,431.0,4.184466019417476,4.355123696968696,14,262.0,0.30224885739012664,14,262.0
2490.0,44,553.0,5.368932038834951,4.11439269892458,12,504.0,0.36200174639183325,12,504.0
2495.0,42,630.0,5.943396226415095,4.37538327892537,12,382.0,0.3687659446914701,12,382.0
2500.0,37,554.0,5.226415094339623,4.868529237217577,7,499.0,0.38748681452568035,7,499.0
2505.0,27,404.0,3.740740740740741,5.78801795436119,4,409.0,0.6032983537077858,4,409.0
2510.0,14,149.0,1.4326923076923077,5.787719702158494,2,260.0,0.6252931803970491,2,260.0
2515.0,15,65.0,0.6310679611650486,5.450011026526609,6,572.0,0.5042409111952317,6,572.0
2520.0,20,81.0,0.801980198019802,5.189769710576035,13,615.0,0.4204330926573591,13,615.0
2525.0,23,108.0,1.0485436893203883,4.7124247001354735,8,354.0,0.4466083146298377,8,354.0
2530.0,21,128.0,1.2549019607843137,5.07085630871992,5,208.0,0.5615228034963189,5,208.0
2535.0,17,104.0,0.9811320754716981,4.941264766925329,4,238.0,0.5289955462130087,4,238.0
2540.0,17,128.0,1.1636363636363636,4.822144482577517,4,173.0,0.5847150353097007,4,173.0
2545.0,14,90.0,0.8333333333333334,5.0276947540579515,2,399.0,0.5342471539881961,2,399.0
2550.0,14,90.0,0.8653846153846154,4.935525773766281,3,366.0,0.6090860101806556,3,366.0
2555.0,16,98.0,0.9245283018867925,4.9199385809277025,3,342.0,0.6562239427149666,3,342.0
2560.0,17,86.0,0.7889908256880734,4.65550274375101,2,350.0,0.668205442230986,2,350.0
2565.0,22,126.0,1.2233009708737863,4.668771714898434,8,233.0,0.5817763069667806,8,233.0
2570.0,21,92.0,0.9019607843137255,4.481484267157455,8,400.0,0.5442486514001278,8,400.0
2575.0,21,94.0,0.9038461538461539,5.151392245654991,7,338.0,0.6088241256167789,7,338.0
2580.0,27,187.0,1.7809523809523808,5.037669322754985,7,291.0,0.6102760239590926,7,291.0
2585.0,21,147.0,1.3738317757009346,5.214986205521215,0,231.0,0.7813847932346136,0,231.0
2590.0,24,153.0,1.3660714285714286,5.348216333762898,4,63.0,0.6754322007956719,4,63.0
2595.0,24,223.0,1.9224137931034482,5.443524192739435,3,87.0,0.5871597422725504,3,87.0
2600.0,19,203.0,1.8454545454545455,5.601905049745667,3,290.0,0.6371774097492162,3,290.0
2605.0,24,204.0,1.9065420560747663,5.473215345712593,6,272.0,0.6480411461449952,6,272.0
2610.0,24,194.0,1.830188679245283,5.908933500557131,5,275.0,0.6718696396816597,5,275.0
2615.0,29,234.0,2.207547169811321,5.850314719062288,8,111.0,0.6159864474542814,8,111.0
2620.0,22,222.0,2.1142857142857143,5.567301544452825,2,93.0,0.5721538095923612,2,93.0
2625.0,25,254.0,2.3962264150943398,5.493331736413003,6,55.0,0.5652543275865961,6,55.0
2630.0,25,318.0,3.0285714285714285,5.68125135212798,4,58.0,0.6370117743228486,4,58.0
2635.0,32,460.0,4.423076923076923,5.418137748018273,8,88.0,0.5876973573387333,8,88.0
2640.0,34,596.0,5.900990099009901,5.707278374452561,7,104.0,0.5867382063323986,7,104.0
2645.0,35,770.0,7.857142857142857,5.522744254593917,6,116.0,0.6102556820353469,6,116.0
2650.0,38,951.0,9.51,5.569836883618928,6,146.0,0.6397572677830577,6,146.0
2655.0,38,1137.0,11.60204081632653,5.120548339944966,6,176.0,0.572408984114919,6,176.0
2660.0,40,1337.0,13.107843137254902,5.06031804988986,7,211.0,0.5610289933258038,7,211.0
2665.0,42,1542.0,15.117647058823529,4.9307250874173105,8,246.0,0.5298101237174705,8,246.0
2670.0,45,1752.0,17.346534653465348,4.815065642805178,8,281.0,0.5652979444575981,8,281.0
2675.0,40,1632.0,15.39622641509434,5.177721375504899,3,118.0,0.618987214527175,3,118.0
2680.0,39,1660.0,15.229357798165138,4.5640636860732275,6,150.0,0.509576099432117,6,150.0
2685.0,45,1845.0,16.327433628318584,4.313511466111536,13,207.0,0.42434381971780166,13,207.0
2690.0,43,2030.0,18.125,4.5748413862012525,12,196.0,0.3933946021528283,12,196.0
2695.0,40,1838.0,16.265486725663717,4.731543920661675,13,224.0,0.3832020553647774,13,224.0
2700.0,36,1589.0,14.577981651376147,5.0888797015876435,6,191.0,0.5425000797726444,6,191.0
2705.0,33,1315.0,12.289719626168225,5.268731698787207,5,176.0,0.6234471577193826,5,176.0
2710.0,33,1084.0,10.226415094339623,5.050917702680865,5,103.0,0.5404289750797224,5,103.0
2715.0,27,715.0,6.809523809523809,4.789066879319965,9,339.0,0.5165688567457883,9,339.0
2720.0,20,475.0,4.523809523809524,4.791963092775044,5,89.0,0.48557228391440505,5,89.0
2725.0,21,78.0,0.7428571428571429,4.859756946863735,4,90.0,0.5830119352727682,4,90.0
2730.0,24,127.0,1.1759259259259258,4.743061676189412,5,52.0,0.4856047893222592,5,52.0
2735.0,27,186.0,1.7547169811320755,4.923805284787249,8,68.0,0.5127030340180905,8,68.0
2740.0,31,297.0,2.7247706422018347,5.082409676526595,11,107.0,0.541458952081355,11,107.0
2745.0,34,422.0,3.8363636363636364,5.199918303184754,14,164.0,0.47006794885902264,14,164.0
2750.0,31,475.0,4.3577981651376145,5.735936458268419,8,148.0,0.4728806438989644,8,148.0
2755.0,33,541.0,5.05607476635514,5.927276939546865,4,77.0,0.6225555947336192,4,77.0
2760.0,37,713.0,6.726415094339623,5.745583952726969,6,53.0,0.6088017687599513,6,53.0
2765.0,38,899.0,8.324074074074074,5.576925801097195,6,73.0,0.6043376038648879,6,73.0
2770.0,39,1064.0,9.761467889908257,5.923638461632694,7,103.0,0.612322368505334,7,103.0
2775.0,38,1236.0,11.660377358490566,5.59512969244524,7,133.0,0.6087596774247959,7,133.0
2780.0,33,1245.0,12.087378640776699,5.609689175024719,1,81.0,0.7273863797272346,1,81.0
2785.0,30,1362.0,13.096153846153847,5.909123338130115,2,40.0,0.7204135368615997,2,40.0
2790.0,36,1530.0,14.711538461538462,5.504750782477273,6,37.0,0.6336996600471763,6,37.0
2795.0,35,1661.0,16.445544554455445,4.77285091156212,5,47.0,0.5445851630973387,5,47.0
2800.0,38,1833.0,17.796116504854368,4.941576591054794,6,50.0,0.607491821872974,6,50.0
2805.0,37,2008.0,19.49514563106796,5.1252305882078835,7,71.0,0.6513930304995198,7,71.0
2810.0,35,2129.0,20.276190476190475,4.835196297598288,5,54.0,0.600198266942001,5,54.0
2815.0,37,2289.0,22.223300970873787,4.754847953336954,8,75.0,0.5572031762016975,8,75.0
2820.0,31,2340.0,23.168316831683168,4.610404284899946,3,81.0,0.5771919029030653,3,81.0
2825.0,30,2067.0,20.465346534653467,5.048377782699753,6,81.0,0.6156759884101147,6,81.0
2830.0,29,1803.0,17.85148514851485,5.318035942846061,7,103.0,0.7079203158848327,7,103.0
2835.0,29,1442.0,14.0,4.9080401326575895,7,137.0,0.681821714610456,7,137.0
2840.0,30,1186.0,11.295238095238096,5.008502241393376,9,173.0,0.6616916380851856,9,173.0
2845.0,21,755.0,6.926605504587156,5.365401308602462,1,104.0,0.7352032780952377,1,104.0
2850.0,16,369.0,3.4485981308411215,5.4496033398913655,1,29.0,0.6809277036748456,1,29.0
2855.0,18,91.0,0.8272727272727273,5.100575052298089,8,430.0,0.543936286986323,8,430.0
2860.0,16,69.0,0.6160714285714286,5.219784350790056,6,794.0,0.515436100427099,6,794.0
2865.0,19,108.0,1.0,5.260844337396664,7,809.0,0.6028783843006754,7,809.0
2870.0,22,158.0,1.5192307692307692,5.2443211291468055,9,842.0,0.5491228659902649,9,842.0
2875.0,22,232.0,2.230769230769231,5.561030411426548,9,887.0,0.591895035665662,9,887.0
2880.0,18,186.0,1.7064220183486238,5.695816410174662,3,449.0,0.668183501468342,3,449.0
2885.0,22,251.0,2.2410714285714284,5.396367414913014,3,60.0,0.6055811721829119,3,60.0
2890.0,25,353.0,3.0964912280701755,5.186871962896009,4,61.0,0.5948145038237509,4,61.0
2895.0,34,503.0,4.412280701754386,5.119974433739983,9,92.0,0.5128550963814429,9,92.0
2900.0,40,685.0,6.008771929824562,4.864209528684219,12,140.0,0.5185497929457142,12,140.0
2905.0,43,889.0,7.9375,4.925471202861871,13,196.0,0.526861668830806,13,196.0
2910.0,36,905.0,7.93859649122807,5.078078487312748,7,107.0,0.6562906960879847,7,107.0
2915.0,29,724.0,6.135593220338983,5.301699294411076,2,471.0,0.6666334290497422,2,471.0
2920.0,25,657.0,5.615384615384615,5.662137671992235,4,423.0,0.7114215715703022,4,423.0
2925.0,26,580.0,4.957264957264957,5.488179389572481,8,451.0,0.5542401559082106,8,451.0
2930.0,27,468.0,3.9327731092436973,5.480615427437526,15,164.0,0.4364058489858474,15,164.0
2935.0,25,406.0,3.355371900826446,5.799134581188774,15,230.0,0.3790718945002792,15,230.0
2940.0,18,183.0,1.5508474576271187,5.947109138473788,11,245.0,0.424629708849829,11,245.0
2945.0,21,92.0,0.7863247863247863,6.041007235446005,13,228.0,0.38189273274450297,13,228.0
2950.0,27,178.0,1.5213675213675213,6.024657255458165,14,227.0,0.37621391958579586,14,227.0
2955.0,28,299.0,2.6,5.49142120059699,12,223.0,0.47547366974726174,12,223.0
2960.0,24,265.0,2.2457627118644066,5.229192558999429,4,184.0,0.562059991046348,4,184.0
2965.0,26,291.0,2.3852459016393444,5.058951362463323,7,89.0,0.4709790189114521,7,89.0
2970.0,24,229.0,1.9572649572649572,4.911917456704007,7,801.0,0.43694592400066573,7,801.0
2975.0,29,251.0,2.1452991452991452,5.11676124163206,8,814.0,0.4896018935231212,8,814.0
2980.0,23,199.0,1.7767857142857142,5.253896282717163,1,414.0,0.66432613504454,1,414.0
2985.0,25,210.0,1.9090909090909092,5.279954190165508,7,49.0,0.528517979020736,7,49.0
2990.0,33,278.0,2.43859649122807,5.52972280750771,13,91.0,0.4734108041732557,13,91.0
2995.0,19,166.0,1.4821428571428572,5.963591286079927,6,440.0,0.5548555372071657,6,440.0
3000.0,16,83.0,0.7477477477477478,5.929902951935333,4,396.0,0.5789203987467177,4,396.0
3005.0,20,89.0,0.8317757009345794,5.81230013788746,5,401.0,0.5232965247239187,5,401.0
3010.0,21,86.0,0.8037383177570093,5.288870031677258,8,70.0,0.47951461262659606,8,70.0
3015.0,17,57.0,0.5135135135135135,5.250667726236511,5,66.0,0.5109800388397499,5,66.0
3020.0,15,75.0,0.6756756756756757,6.081177835475644,4,43.0,0.6838912703233482,4,43.0
3025.0,16,98.0,0.8521739130434782,5.551432380011167,4,49.0,0.5357624668977574,4,49.0
3030.0,22,103.0,0.9035087719298246,5.689768858159263,11,451.0,0.4567580485182602,11,451.0
3035.0,21,88.0,0.7719298245614035,5.577588439173312,9,464.0,0.45354810915917393,9,464.0
3040.0,21,97.0,0.8818181818181818,5.296916523903513,6,449.0,0.5624276977404606,6,449.0
3045.0,24,172.0,1.5495495495495495,5.1014537932920625,6,467.0,0.5342513930125656,6,467.0
3050.0,31,287.0,2.5855855855855854,4.962752797309302,7,480.0,0.6413091619152834,7,480.0
3055.0,26,260.0,2.3008849557522124,4.787886109707744,1,60.0,0.6981672291161921,1,60.0
3060.0,26,319.0,2.9,4.934086485538341,5,33.0,0.6930338356639727,5,33.0
3065.0,31,426.0,3.8035714285714284,4.589443263134247,5,54.0,0.5624924456419366,5,54.0
3070.0,37,592.0,5.192982456140351,5.071336048019051,6,71.0,0.5294736275390906,6,71.0
3075.0,40,785.0,6.946902654867257,5.207803494017968,7,102.0,0.5660375449886722,7,102.0
3080.0,36,915.0,8.243243243243244,5.332963233331435,3,75.0,0.629935554114676,3,75.0
3085.0,39,1086.0,9.872727272727273,5.1381249406534515,8,54.0,0.438219897249169,8,54.0
3090.0,33,1160.0,10.357142857142858,5.2165795039453995,3,83.0,0.5419211101410306,3,83.0
3095.0,38,1324.0,11.513043478260869,5.2071650442476365,5,92.0,0.5629826041475081,5,92.0
3100.0,42,1513.0,12.931623931623932,5.493695560961873,7,118.0,0.5413379191534772,7,118.0
3105.0,43,1719.0,14.692307692307692,5.578538973718286,7,152.0,0.5835150422894742,7,152.0
3110.0,37,1792.0,15.448275862068966,5.394569805376269,3,88.0,0.5488157236053315,3,88.0
3115.0,38,1901.0,16.110169491525422,5.2868382685209525,6,40.0,0.4998157788457113,6,40.0
3120.0,34,2007.0,17.153846153846153,5.470948990612356,4,87.0,0.5565912381804266,4,87.0
3125.0,39,2162.0,18.478632478632477,5.176540911013455,5,107.0,0.5600581230278477,5,107.0
3130.0,35,2305.0,20.043478260869566,5.463524884863957,1,61.0,0.7080507058428273,1,61.0
3135.0,31,2156.0,18.427350427350426,5.463200195370369,1,14.0,0.6118503096592602,1,14.0
3140.0,25,1848.0,15.661016949152541,5.455996417027313,2,26.0,0.5586418887619561,2,26.0
3145.0,26,1469.0,12.344537815126051,5.283177401628202,4,482.0,0.5326088503490557,4,482.0
3150.0,28,1203.0,10.109243697478991,5.07808378111695,8,503.0,0.4687270256486366,8,503.0
3155.0,25,933.0,8.11304347826087,5.287963436165452,8,558.0,0.5471978866430275,8,558.0
3160.0,28,677.0,5.786324786324786,5.437125329040378,9,595.0,0.5010827862203487,9,595.0
3165.0,27,331.0,2.9035087719298245,5.180789429093578,9,632.0,0.49452716773345934,9,632.0
3170.0,21,231.0,2.0625,5.080686628611061,1,542.0,0.6173375746162683,1,542.0
3175.0,26,259.0,2.2920353982300883,4.973224414453511,6,21.0,0.5766144466192493,6,21.0
3180.0,32,401.0,3.6126126126126126,5.146974982811557,10,76.0,0.39084910178342014,10,76.0
3185.0,33,484.0,4.653846153846154,4.690499064719052,6,45.0,0.43369102137574517,6,45.0
3190.0,34,619.0,5.951923076923077,5.180001850803222,3,21.0,0.6088113364682597,3,21.0
3195.0,33,756.0,7.411764705882353,5.13179312606477,4,24.0,0.5922835385200126,4,24.0
3200.0,38,854.0,8.211538461538462,5.041013350769163,9,45.0,0.3899715704451342,9,45.0
3205.0,31,765.0,7.5,5.40658949098216,9,566.0,0.4600781336257305,9,566.0
3210.0,29,722.0,7.009708737864078,5.4263061825197285,10,603.0,0.41496935134369417,10,603.0
3215.0,28,678.0,6.58252427184466,5.95433369577791,11,655.0,0.5266172116416811,11,655.0
3220.0,26,630.0,5.88785046728972,5.765153907866787,12,234.0,0.4604493145705455,12,234.0
3225.0,24,406.0,3.794392523364486,5.239521858502772,7,177.0,0.5356691990042706,7,177.0
3230.0,21,202.0,1.8878504672897196,5.232375011797656,6,118.0,0.5655935446918717,6,118.0
3235.0,19,120.0,1.1320754716981132,5.17205596867482,5,141.0,0.5648676648925068,5,141.0
3240.0,30,228.0,2.0727272727272728,4.740075330222322,10,143.0,0.5072823386367818,10,143.0
3245.0,40,397.0,3.544642857142857,4.9855031833518355,13,200.0,0.5392926919885079,13,200.0
3250.0,42,513.0,4.621621621621622,4.750984449906193,13,265.0,0.505491636567828,13,265.0
3255.0,38,473.0,4.261261261261262,4.749648602262408,7,1162.0,0.5791046689491955,7,1162.0
3260.0,32,372.0,3.3214285714285716,4.763788339629016,4,1115.0,0.6968413502123213,4,1115.0
3265.0,26,274.0,2.424778761061947,4.685617355107895,6,203.0,0.6331855335590916,6,203.0
3270.0,28,214.0,1.8448275862068966,4.391720915037904,11,248.0,0.5733956924648158,11,248.0
3275.0,29,185.0,1.608695652173913,4.57502196282646,8,708.0,0.5705165503174728,8,708.0
3280.0,20,118.0,1.0442477876106195,5.0224864857009734,5,827.0,0.6159931084419888,5,827.0
3285.0,18,92.0,0.8598130841121495,5.261546771363182,3,752.0,0.6741485876740766,3,752.0
3290.0,16,67.0,0.6203703703703703,5.367767394371657,6,150.0,0.6108919449956014,6,150.0
3295.0,14,53.0,0.4774774774774775,5.562234127118553,2,231.0,0.689088049679461,2,231.0
3300.0,14,47.0,0.43119266055045874,5.4392228904311155,3,436.0,0.6830213892210547,3,436.0
3305.0,12,61.0,0.5700934579439252,5.436750628785533,4,453.0,0.6657898952005364,4,453.0
3310.0,19,117.0,1.0446428571428572,5.801313737390459,6,448.0,0.6895393633616741,6,448.0
3315.0,13,79.0,0.6810344827586207,6.076946550400053,1,408.0,0.6860706390969673,1,408.0
3320.0,22,149.0,1.2956521739130435,6.365636595737882,5,158.0,0.5798062603796995,5,158.0
3325.0,23,228.0,1.9655172413793103,6.099299425727041,4,84.0,0.594915642398212,4,84.0
3330.0,28,326.0,2.8596491228070176,5.760648223922431,6,38.0,0.5794907483370244,6,38.0
3335.0,39,483.0,4.274336283185841,5.059887930700839,9,61.0,0.42427037380269345,9,61.0
3340.0,39,612.0,5.415929203539823,4.844816131088283,9,108.0,0.4332504087294756,9,108.0
3345.0,34,700.0,6.086956521739131,4.864425304548647,4,88.0,0.41819609680835007,4,88.0
3350.0,42,871.0,7.776785714285714,4.844954795808825,11,78.0,0.3655020670650226,11,78.0
3355.0,48,1091.0,9.654867256637168,4.4991596691324895,16,148.0,0.27798478368075913,16,148.0
3360.0,44,1022.0,9.207207207207206,4.738376139117989,16,230.0,0.28134914199470445,16,230.0
3365.0,36,915.0,8.632075471698114,4.869300633577253,15,622.0,0.27348317655810866,15,622.0
3370.0,30,702.0,6.882352941176471,4.9603387597050785,12,885.0,0.3300090371709683,12,885.0
3375.0,26,542.0,5.313725490196078,5.640818464745556,9,778.0,0.3668488606688226,9,778.0
3380.0,20,373.0,3.5865384615384617,6.217688093162385,6,788.0,0.5448189947474651,6,788.0
3385.0,14,195.0,1.911764705882353,6.543596564940227,0,347.0,0.7132920820678511,0,347.0
3390.0,17,86.0,0.8269230769230769,6.779937881732608,5,351.0,0.5607114949756788,5,351.0
3395.0,15,69.0,0.6831683168316832,6.485248143662761,6,329.0,0.4500012735036125,6,329.0
3400.0,14,84.0,0.9032258064516129,6.2286721629397475,7,324.0,0.5178755224521059,7,324.0
3405.0,12,43.0,0.4777777777777778,5.8264253278755325,2,321.0,0.6158113602668568,2,321.0
3410.0,16,82.0,0.9111111111111111,5.572926297542262,4,36.0,0.5481728498472443,4,36.0
3415.0,18,137.0,1.5393258426966292,5.228118165525374,6,52.0,0.43549878226162986,6,52.0
3420.0,21,170.0,1.8085106382978724,5.252240643829009,5,53.0,0.44124807690496254,5,53.0
3425.0,22,253.0,2.78021978021978,5.6571790576318,5,38.0,0.5671049605248607,5,38.0
3430.0,26,359.0,3.902173913043478,5.66862514491084,4,37.0,0.5643760099097073,4,37.0
3435.0,30,491.0,5.455555555555556,5.406105956539933,6,50.0,0.6292545276895961,6,50.0
3440.0,33,643.0,7.144444444444445,5.357595502400711,4,70.0,0.7368104228101242,4,70.0
3445.0,30,629.0,6.988888888888889,5.384021190686639,4,6.0,0.6207608898992871,4,6.0
3450.0,26,548.0,6.2988505747126435,5.286312235735023,5,342.0,0.5374006946393127,5,342.0
3455.0,24,506.0,5.883720930232558,5.751098903810108,8,372.0,0.5129757855023254,8,372.0
3460.0,16,326.0,3.880952380952381,5.743172737424789,4,656.0,0.5498729646987786,4,656.0
3465.0,14,240.0,2.7586206896551726,6.34208907895013,4,635.0,0.5533537029840778,4,635.0
3470.0,11,126.0,1.4318181818181819,6.4307582007130355,2,29.0,0.6014387079075499,2,29.0
3475.0,15,55.0,0.5978260869565217,6.031908367748927,9,334.0,0.46170297681541944,9,334.0
3480.0,14,46.0,0.4946236559139785,6.020369988514263,9,357.0,0.489795429661557,9,357.0
3485.0,11,44.0,0.4943820224719101,5.727925505339218,4,337.0,0.5871657470856853,4,337.0
3490.0,13,89.0,0.978021978021978,5.767687012543594,5,354.0,0.630051841737439,5,354.0
3495.0,15,147.0,1.6896551724137931,5.607782284231117,5,370.0,0.631559763896618,5,370.0
3500.0,15,130.0,1.4130434782608696,5.0486589492026965,1,36.0,0.6585341024169862,1,36.0
3505.0,21,193.0,2.1931818181818183,5.031498975575679,6,28.0,0.6570462800569535,6,28.0
3510.0,22,163.0,1.8314606741573034,4.645684224356301,8,261.0,0.4732365107546481,8,261.0
3515.0,20,147.0,1.6153846153846154,4.826660427602436,5,471.0,0.5102376169900044,5,471.0
3520.0,24,166.0,1.7659574468085106,4.84936333930142,8,273.0,0.4505724338724519,8,273.0
3525.0,23,166.0,1.7849462365591398,4.89454546200115,9,91.0,0.4992699306199853,9,91.0
3530.0,20,158.0,1.6631578947368422,5.133917183702653,10,296.0,0.46797827448374857,10,296.0
3535.0,11,64.0,0.6666666666666666,5.55131869684979,6,280.0,0.5429294815658604,6,280.0
3540.0,10,20.0,0.20202020202020202,5.629276149625019,1,255.0,0.6865970975269385,1,255.0
3545.0,10,26.0,0.26262626262626265,6.012877094295913,5,254.0,0.6489802384661122,5,254.0
3550.0,4,11.0,0.11702127659574468,6.404352807739448,1,55.0,0.7160350552791684,1,55.0
3555.0,6,12.0,0.1276595744680851,6.291330023733352,1,32.0,0.7375525840908651,1,32.0
3560.0,8,40.0,0.42105263157894735,6.2498157887803725,1,6.0,0.7842415895360524,1,6.0
3565.0,11,77.0,0.8105263157894737,5.982087364995771,2,3.0,0.6434643426493262,2,3.0
3570.0,19,148.0,1.5257731958762886,5.796991539390359,5,20.0,0.6050981991113858,5,20.0
3575.0,18,203.0,2.1145833333333335,5.933827610077512,1,20.0,0.6520269768444653,1,20.0
3580.0,24,306.0,3.221052631578947,6.087443943460791,4,21.0,0.6380870176677762,4,21.0
3585.0,28,421.0,4.295918367346939,5.805860438780716,4,14.0,0.5200255878551702,4,14.0
3590.0,37,563.0,5.686868686868687,5.279404353001433,8,32.0,0.5241076687323258,8,32.0
3595.0,31,685.0,6.715686274509804,5.3503636883280805,2,36.0,0.556401234370984,2,36.0
3600.0,34,826.0,8.019417475728156,5.222992579936933,4,37.0,0.5594884657157626,4,37.0
